"Title","ID","Created Date","Updated Date","Owner","scholarshipCode","universityCode","courseCode","scholarshipType","amountOrBenefit","eligibilityCriteria","applicableIntake","deadline","notes"
"Top Achiever Scholarship (STPM)","00435e58-dbd0-44a4-986a-9c7a4f63ff6b",2026-04-16T06:43:23Z,2026-04-16T06:43:23Z,"a0b69dfb-18af-4851-9408-58a5754755fc","UOSM_TOP_ACHIEVER_SCHOLARSHIP_BSC_MARKETING","UOSM","UOSM_BSC_MARKETING","Merit scholarship","60% (Year 1) + 20% (Year 2 & 3)","STPM graduates: requirement AAA- for Business Programmes / Economics & Actuarial Science.",,,"Undergraduate scholarship tier for STPM graduates."
"Top Achiever Scholarship (UEC)","01355ca6-4e88-4683-817c-8e93a9b99856",2026-04-16T06:43:23Z,2026-04-16T06:43:23Z,"a0b69dfb-18af-4851-9408-58a5754755fc","UOSM_TOP_ACHIEVER_SCHOLARSHIP_BSC_ECONOMICS_AND__3","UOSM","UOSM_BSC_ECONOMICS_AND_ACTUARIAL_SCIENCE","Merit scholarship","60% (Year 1) + 20% (Year 2 & 3)","UEC graduates: requirement 4A1 for Business Programmes / Economics & Actuarial Science.",,,"Undergraduate scholarship tier for UEC graduates."
"Special UEC Grant - Undergraduate","02eb1c8f-7c93-4180-93ea-551e7d15ceb7",2026-04-16T06:43:23Z,2026-04-16T06:43:23Z,"a0b69dfb-18af-4851-9408-58a5754755fc","UOSM_SPECIAL_UEC_GRANT_UNDERGRADU_BSC_FINANCE_AND_FI","UOSM","UOSM_BSC_FINANCE_AND_FINANCIAL_TECHNOLOGY","UEC grant","Up to RM 7,000","Eligible UEC graduates who accept and pay deposit before intake.",,,"Cannot be compounded with scholarship/education grant; highest amount only applies."
"High Achiever Scholarship (UEC)","032936e9-1664-4434-aae8-4ba7de321918",2026-04-16T06:43:24Z,2026-04-16T06:43:24Z,"a0b69dfb-18af-4851-9408-58a5754755fc","UOSM_HIGH_ACHIEVER_SCHOLARSHIP_MENG_ELECTRICAL_AN_3","UOSM","UOSM_MENG_ELECTRICAL_AND_ELECTRONIC_ENGINEERING","Merit scholarship","Engineering: RM 13,000; Other Programmes: RM 10,000","UEC graduates: requirement 3A1 for Engineering / Computer Science Programmes.",,,"Undergraduate scholarship tier for UEC graduates."
"Exceptional Achiever Scholarship (STPM)","03b4254b-6b89-42da-b79c-3b4fe70ef302",2026-04-16T06:43:24Z,2026-04-16T06:43:24Z,"a0b69dfb-18af-4851-9408-58a5754755fc","UOSM_EXCEPTIONAL_ACHIEVER_SCHOLAR_BSC_MARKETING","UOSM","UOSM_BSC_MARKETING","Merit scholarship","RM 25,000","STPM graduates: requirement AA-A- for Business Programmes / Economics & Actuarial Science.",,,"Undergraduate scholarship tier for STPM graduates."
"Trial/Forecast Results Scholarship","05e8c456-ce03-4181-ab4f-ef690bd18af7",2026-04-16T06:43:23Z,2026-04-16T06:43:23Z,"a0b69dfb-18af-4851-9408-58a5754755fc","UOSM_TRIAL_FORECAST_RESULTS_SCHOL_BUSINESS_FOUNDATIO","UOSM","UOSM_BUSINESS_FOUNDATION_YEAR","Foundation scholarship","Up to 100% scholarship","Uses O-Level trial/forecast results; limited time offer, terms and conditions apply.",,,"Official page does not publish a full tier table in the text snippet."
"High Achiever Scholarship (A Levels)","06347803-65d3-44b0-b070-9c3d47903365",2026-04-16T06:43:24Z,2026-04-16T06:43:24Z,"a0b69dfb-18af-4851-9408-58a5754755fc","UOSM_HIGH_ACHIEVER_SCHOLARSHIP_BSC_BUSINESS_ENTRE_2","UOSM","UOSM_BSC_BUSINESS_ENTREPRENEURSHIP","Merit scholarship","RM 10,000","A Levels graduates: requirement AAA for Business Programmes / Economics & Actuarial Science.",,,"Undergraduate scholarship tier for A Levels graduates."
"High Achiever Scholarship (STPM)","08c51e3d-81bf-4406-8e27-903d346421ed",2026-04-16T06:43:24Z,2026-04-16T06:43:24Z,"a0b69dfb-18af-4851-9408-58a5754755fc","UOSM_HIGH_ACHIEVER_SCHOLARSHIP_BSC_COMPUTER_SCIEN","UOSM","UOSM_BSC_COMPUTER_SCIENCE","Merit scholarship","Engineering: RM 13,000; Other Programmes: RM 10,000","STPM graduates: requirement AAA- for Engineering / Computer Science Programmes.",,,"Undergraduate scholarship tier for STPM graduates."
"Exceptional Achiever Scholarship (UEC)","08e718ac-6021-4961-a059-bb436c03626d",2026-04-16T06:43:24Z,2026-04-16T06:43:24Z,"a0b69dfb-18af-4851-9408-58a5754755fc","UOSM_EXCEPTIONAL_ACHIEVER_SCHOLAR_BSC_BUSINESS_ANALY_3","UOSM","UOSM_BSC_BUSINESS_ANALYTICS","Merit scholarship","RM 25,000","UEC graduates: requirement 3A1 for Business Programmes / Economics & Actuarial Science.",,,"Undergraduate scholarship tier for UEC graduates."
"High Achiever Scholarship (Business Foundation)","09e46e7b-a768-4b14-be08-e09fdfd79e87",2026-04-16T06:43:24Z,2026-04-16T06:43:24Z,"a0b69dfb-18af-4851-9408-58a5754755fc","UOSM_HIGH_ACHIEVER_SCHOLARSHIP_BUSINESS_FOUNDATIO_6","UOSM","UOSM_BUSINESS_FOUNDATION_YEAR","Foundation scholarship","RM 8,000","7As in SPM or equivalent",,,"Official page notes that various international boards and other qualifications may also be considered via counsellor."
"High Achiever Scholarship (STPM)","0a2e210a-ae38-4dcb-a25d-5123e02a273b",2026-04-16T06:43:24Z,2026-04-16T06:43:24Z,"a0b69dfb-18af-4851-9408-58a5754755fc","UOSM_HIGH_ACHIEVER_SCHOLARSHIP_COMPUTER_SCIENCE_F","UOSM","UOSM_COMPUTER_SCIENCE_FOUNDATION_YEAR","Merit scholarship","Engineering: RM 13,000; Other Programmes: RM 10,000","STPM graduates: requirement AAA- for Engineering / Computer Science Programmes.",,,"Undergraduate scholarship tier for STPM graduates."
"Top Achiever Scholarship (Business Foundation)","0aeeb52f-2a1c-4e51-9e0e-10f05d3678e9",2026-04-16T06:43:23Z,2026-04-16T06:43:23Z,"a0b69dfb-18af-4851-9408-58a5754755fc","UOSM_TOP_ACHIEVER_SCHOLARSHIP_BUSINESS_FOUNDATIO_4","UOSM","UOSM_BUSINESS_FOUNDATION_YEAR","Foundation scholarship","100%","6A+ / A* in SPM or equivalent",,,"Official page notes that various international boards and other qualifications may also be considered via counsellor."
"High Achiever Scholarship (STPM)","0ca82eca-96b8-434b-a04f-3e9ebfb40c98",2026-04-16T06:43:24Z,2026-04-16T06:43:24Z,"a0b69dfb-18af-4851-9408-58a5754755fc","UOSM_HIGH_ACHIEVER_SCHOLARSHIP_BSC_BUSINESS_ENTRE","UOSM","UOSM_BSC_BUSINESS_ENTREPRENEURSHIP","Merit scholarship","RM 10,000","STPM graduates: requirement A-A-A- for Business Programmes / Economics & Actuarial Science.",,,"Undergraduate scholarship tier for STPM graduates."
"Special UEC Grant - Undergraduate","0d17bad7-130a-4fc0-a4ab-22ca0219c2e3",2026-04-16T06:43:23Z,2026-04-16T06:43:23Z,"a0b69dfb-18af-4851-9408-58a5754755fc","UOSM_SPECIAL_UEC_GRANT_UNDERGRADU_BSC_BUSINESS_ENTRE","UOSM","UOSM_BSC_BUSINESS_ENTREPRENEURSHIP","UEC grant","Up to RM 7,000","Eligible UEC graduates who accept and pay deposit before intake.",,,"Cannot be compounded with scholarship/education grant; highest amount only applies."
"Top Achiever Scholarship (A Levels)","0d32ff2b-f665-400d-98e0-3b4aac422b87",2026-04-16T06:43:23Z,2026-04-16T06:43:23Z,"a0b69dfb-18af-4851-9408-58a5754755fc","UOSM_TOP_ACHIEVER_SCHOLARSHIP_BSC_BUSINESS_MANAG_2","UOSM","UOSM_BSC_BUSINESS_MANAGEMENT","Merit scholarship","60% (Year 1) + 20% (Year 2 & 3)","A Levels graduates: requirement A*A*A for Business Programmes / Economics & Actuarial Science.",,,"Undergraduate scholarship tier for A Levels graduates."
"High Achiever Scholarship (Business Foundation)","0d84d8b9-9575-411d-ba04-1b19387465ba",2026-04-16T06:43:24Z,2026-04-16T06:43:24Z,"a0b69dfb-18af-4851-9408-58a5754755fc","UOSM_HIGH_ACHIEVER_SCHOLARSHIP_BUSINESS_FOUNDATIO_10","UOSM","UOSM_BUSINESS_FOUNDATION_YEAR","Foundation scholarship","RM 3,000","3As or 1A+ / A* in SPM or equivalent",,,"Official page notes that various international boards and other qualifications may also be considered via counsellor."
"Undergraduate Education Grant","10444bd1-bd14-451b-9788-e54a0e506134",2026-04-16T06:43:23Z,2026-04-16T06:43:23Z,"a0b69dfb-18af-4851-9408-58a5754755fc","UOSM_UNDERGRADUATE_EDUCATION_GRAN_BSC_FINANCE_AND_FI","UOSM","UOSM_BSC_FINANCE_AND_FINANCIAL_TECHNOLOGY","Education grant","Up to RM 5,000","Eligible applicants, except scholarship recipients; deposit required to confirm place and qualify.",,,"Cannot be compounded with scholarship/Special UEC Grant; highest amount only applies."
"Foundation Education Grant","10f429b0-b0af-4342-83f4-266a091801a4",2026-04-16T06:43:24Z,2026-04-16T06:43:24Z,"a0b69dfb-18af-4851-9408-58a5754755fc","UOSM_FOUNDATION_EDUCATION_GRANT_ENGINEERING_FOUNDA","UOSM","UOSM_ENGINEERING_FOUNDATION_YEAR","Education grant","RM 1,500","Available for eligible applicants; deposit required to confirm place and qualify.",,,"Limited time offer. Scholarship, education grant and Special UEC Grant cannot be compounded; highest amount only applies."
"Trial/Forecast Results Scholarship","118ef13b-9f06-4fe5-bf2f-a25cb68bb1f1",2026-04-16T06:43:23Z,2026-04-16T06:43:23Z,"a0b69dfb-18af-4851-9408-58a5754755fc","UOSM_TRIAL_FORECAST_RESULTS_SCHOL_COMPUTER_SCIENCE_F","UOSM","UOSM_COMPUTER_SCIENCE_FOUNDATION_YEAR","Foundation scholarship","Up to 100% scholarship","Uses O-Level trial/forecast results; limited time offer, terms and conditions apply.",,,"Official page does not publish a full tier table in the text snippet."
"High Achiever Scholarship (STPM)","133946bb-fcf0-47c0-8c01-5b0cac24f35a",2026-04-16T06:43:24Z,2026-04-16T06:43:24Z,"a0b69dfb-18af-4851-9408-58a5754755fc","UOSM_HIGH_ACHIEVER_SCHOLARSHIP_MENG_MECHANICAL_EN","UOSM","UOSM_MENG_MECHANICAL_ENGINEERING","Merit scholarship","Engineering: RM 13,000; Other Programmes: RM 10,000","STPM graduates: requirement AAA- for Engineering / Computer Science Programmes.",,,"Undergraduate scholarship tier for STPM graduates."
"Exceptional Achiever Scholarship (STPM)","15b0fea1-8481-41ec-b587-9c21049cc249",2026-04-16T06:43:24Z,2026-04-16T06:43:24Z,"a0b69dfb-18af-4851-9408-58a5754755fc","UOSM_EXCEPTIONAL_ACHIEVER_SCHOLAR_BSC_BUSINESS_ENTRE","UOSM","UOSM_BSC_BUSINESS_ENTREPRENEURSHIP","Merit scholarship","RM 25,000","STPM graduates: requirement AA-A- for Business Programmes / Economics & Actuarial Science.",,,"Undergraduate scholarship tier for STPM graduates."
"Top Achiever Scholarship (STPM)","18c35e97-9649-47e2-bf48-29c21aea14b1",2026-04-16T06:43:23Z,2026-04-16T06:43:23Z,"a0b69dfb-18af-4851-9408-58a5754755fc","UOSM_TOP_ACHIEVER_SCHOLARSHIP_BSC_ACCOUNTING_AND","UOSM","UOSM_BSC_ACCOUNTING_AND_FINANCE","Merit scholarship","60% (Year 1) + 20% (Year 2 & 3)","STPM graduates: requirement AAA- for Business Programmes / Economics & Actuarial Science.",,,"Undergraduate scholarship tier for STPM graduates."
"Exceptional Achiever Scholarship (A Levels)","194bf2ff-622e-4360-a768-2997da703931",2026-04-16T06:43:24Z,2026-04-16T06:43:24Z,"a0b69dfb-18af-4851-9408-58a5754755fc","UOSM_EXCEPTIONAL_ACHIEVER_SCHOLAR_COMPUTER_SCIENCE_F_2","UOSM","UOSM_COMPUTER_SCIENCE_FOUNDATION_YEAR","Merit scholarship","Engineering: RM 30,000; Other Programmes: RM 25,000","A Levels graduates: requirement A*A*A* for Engineering / Computer Science Programmes.",,,"Undergraduate scholarship tier for A Levels graduates."
"Top Achiever Scholarship (A Levels)","1ada5a32-0d41-4322-9abb-bca60b7d4674",2026-04-16T06:43:23Z,2026-04-16T06:43:23Z,"a0b69dfb-18af-4851-9408-58a5754755fc","UOSM_TOP_ACHIEVER_SCHOLARSHIP_MENG_ELECTRICAL_AN_2","UOSM","UOSM_MENG_ELECTRICAL_AND_ELECTRONIC_ENGINEERING","Merit scholarship","Engineering: 60% (Year 1) + 40% (Year 2); Other Programmes: 60% (Year 1) + 20% (Year 2 & 3)","A Levels graduates: requirement A*A*A*A for Engineering / Computer Science Programmes.",,,"Undergraduate scholarship tier for A Levels graduates."
"Top Achiever Scholarship (UEC)","1c1693cc-44b7-41ad-b84b-22fbf41ea14b",2026-04-16T06:43:23Z,2026-04-16T06:43:23Z,"a0b69dfb-18af-4851-9408-58a5754755fc","UOSM_TOP_ACHIEVER_SCHOLARSHIP_BSC_BUSINESS_MANAG_3","UOSM","UOSM_BSC_BUSINESS_MANAGEMENT","Merit scholarship","60% (Year 1) + 20% (Year 2 & 3)","UEC graduates: requirement 4A1 for Business Programmes / Economics & Actuarial Science.",,,"Undergraduate scholarship tier for UEC graduates."
"Top Achiever Scholarship (A Levels)","1e44ef73-733a-442e-9f04-8075c5f774cb",2026-04-16T06:43:23Z,2026-04-16T06:43:23Z,"a0b69dfb-18af-4851-9408-58a5754755fc","UOSM_TOP_ACHIEVER_SCHOLARSHIP_BSC_MARKETING_2","UOSM","UOSM_BSC_MARKETING","Merit scholarship","60% (Year 1) + 20% (Year 2 & 3)","A Levels graduates: requirement A*A*A for Business Programmes / Economics & Actuarial Science.",,,"Undergraduate scholarship tier for A Levels graduates."
"Top Achiever Scholarship (A Levels)","1e4993e5-20b0-42f1-8cdf-8ae922b79f55",2026-04-16T06:43:23Z,2026-04-16T06:43:23Z,"a0b69dfb-18af-4851-9408-58a5754755fc","UOSM_TOP_ACHIEVER_SCHOLARSHIP_BUSINESS_FOUNDATIO_2","UOSM","UOSM_BUSINESS_FOUNDATION_YEAR","Merit scholarship","60% (Year 1) + 20% (Year 2 & 3)","A Levels graduates: requirement A*A*A for Business Programmes / Economics & Actuarial Science.",,,"Undergraduate scholarship tier for A Levels graduates."
"High Achiever Scholarship (Engineering/Computer Science Foundation)","1ecdef7a-378c-45cb-b6ef-eb735e8efcf7",2026-04-16T06:43:24Z,2026-04-16T06:43:24Z,"a0b69dfb-18af-4851-9408-58a5754755fc","UOSM_HIGH_ACHIEVER_SCHOLARSHIP_ENGINEERING_FOUNDA_10","UOSM","UOSM_ENGINEERING_FOUNDATION_YEAR","Foundation scholarship","RM 2,500","1A to 4As in SPM or equivalent",,,"Official page notes that various international boards and other qualifications may also be considered via counsellor."
"High Achiever Scholarship (A Levels)","2084721c-e2b2-4da3-ad44-223ba8b6b5ee",2026-04-16T06:43:24Z,2026-04-16T06:43:24Z,"a0b69dfb-18af-4851-9408-58a5754755fc","UOSM_HIGH_ACHIEVER_SCHOLARSHIP_BSC_ACCOUNTING_AND_2","UOSM","UOSM_BSC_ACCOUNTING_AND_FINANCE","Merit scholarship","RM 10,000","A Levels graduates: requirement AAA for Business Programmes / Economics & Actuarial Science.",,,"Undergraduate scholarship tier for A Levels graduates."
"Exceptional Achiever Scholarship (A Levels)","21685e14-18ea-4bf8-b740-8788e746d82c",2026-04-16T06:43:24Z,2026-04-16T06:43:24Z,"a0b69dfb-18af-4851-9408-58a5754755fc","UOSM_EXCEPTIONAL_ACHIEVER_SCHOLAR_BSC_FINANCE_AND_FI_2","UOSM","UOSM_BSC_FINANCE_AND_FINANCIAL_TECHNOLOGY","Merit scholarship","RM 25,000","A Levels graduates: requirement A*AA for Business Programmes / Economics & Actuarial Science.",,,"Undergraduate scholarship tier for A Levels graduates."
"Exceptional Achiever Scholarship (STPM)","23a51a06-f8e2-436a-b0ab-200b3c2ef703",2026-04-16T06:43:24Z,2026-04-16T06:43:24Z,"a0b69dfb-18af-4851-9408-58a5754755fc","UOSM_EXCEPTIONAL_ACHIEVER_SCHOLAR_BSC_COMPUTER_SCIEN","UOSM","UOSM_BSC_COMPUTER_SCIENCE","Merit scholarship","Engineering: RM 30,000; Other Programmes: RM 25,000","STPM graduates: requirement AAA for Engineering / Computer Science Programmes.",,,"Undergraduate scholarship tier for STPM graduates."
"Exceptional Achiever Scholarship (UEC)","2481f491-14e7-419a-93c4-2d5e69847a00",2026-04-16T06:43:24Z,2026-04-16T06:43:24Z,"a0b69dfb-18af-4851-9408-58a5754755fc","UOSM_EXCEPTIONAL_ACHIEVER_SCHOLAR_BSC_BUSINESS_ENTRE_3","UOSM","UOSM_BSC_BUSINESS_ENTREPRENEURSHIP","Merit scholarship","RM 25,000","UEC graduates: requirement 3A1 for Business Programmes / Economics & Actuarial Science.",,,"Undergraduate scholarship tier for UEC graduates."
"Academic Excellence Progression Scholarship","24c6d9aa-99b1-4026-a0ad-83cf0cb3b53c",2026-04-16T06:43:24Z,2026-04-16T06:43:24Z,"a0b69dfb-18af-4851-9408-58a5754755fc","UOSM_ACADEMIC_EXCELLENCE_PROGRESS_BSC_BUSINESS_MANAG","UOSM","UOSM_BSC_BUSINESS_MANAGEMENT","Progression scholarship","Up to 100% tuition fee waiver","Only students with a minimum average score of 80% in UoSM Foundation results are eligible.",,,"For top performing UoSM Foundation students."
"High Achiever Scholarship (Engineering/Computer Science Foundation)","2832a013-171e-412d-a282-bdd2721cee68",2026-04-16T06:43:24Z,2026-04-16T06:43:24Z,"a0b69dfb-18af-4851-9408-58a5754755fc","UOSM_HIGH_ACHIEVER_SCHOLARSHIP_COMPUTER_SCIENCE_F_6","UOSM","UOSM_COMPUTER_SCIENCE_FOUNDATION_YEAR","Foundation scholarship","RM 8,000","8As or 5A+ / A* in SPM or equivalent",,,"Official page notes that various international boards and other qualifications may also be considered via counsellor."
"High Achiever Scholarship (UEC)","28e72447-6285-4a5f-a1df-f49101d1de8a",2026-04-16T06:43:24Z,2026-04-16T06:43:24Z,"a0b69dfb-18af-4851-9408-58a5754755fc","UOSM_HIGH_ACHIEVER_SCHOLARSHIP_BSC_BUSINESS_ENTRE_3","UOSM","UOSM_BSC_BUSINESS_ENTREPRENEURSHIP","Merit scholarship","RM 10,000","UEC graduates: requirement 2A1 for Business Programmes / Economics & Actuarial Science.",,,"Undergraduate scholarship tier for UEC graduates."
"Top Achiever Scholarship (STPM)","2a90e892-5d8c-4717-85a4-133e4bb10c01",2026-04-16T06:43:23Z,2026-04-16T06:43:23Z,"a0b69dfb-18af-4851-9408-58a5754755fc","UOSM_TOP_ACHIEVER_SCHOLARSHIP_MENG_MECHANICAL_EN","UOSM","UOSM_MENG_MECHANICAL_ENGINEERING","Merit scholarship","Engineering: 60% (Year 1) + 40% (Year 2); Other Programmes: 60% (Year 1) + 20% (Year 2 & 3)","STPM graduates: requirement AAAA- for Engineering / Computer Science Programmes.",,,"Undergraduate scholarship tier for STPM graduates."
"100% Fee Waiver","2aa1ee75-85bc-4878-b28d-fa0bbb614faa",2026-04-16T06:43:24Z,2026-04-16T06:43:24Z,"a0b69dfb-18af-4851-9408-58a5754755fc","NUMED_100_FEE_WAIVER_BSC_BIOMEDICAL_SCI","NUMED","NUMED_BSC_BIOMEDICAL_SCIENCES","Fee waiver","100% fee waiver","Requires 8As in SPM/IGCSE (including core sciences/math) and a 4.00 CGPA in the NUMed Foundation year.","2026 intake context mentioned",,"Waiver is calculated based on Foundation fees and deducted from the degree’s first-year tuition."
"PTPTN Loan","2b4601c7-7eb6-4f71-b1f6-0ea86277295f",2026-04-16T06:43:24Z,2026-04-16T06:43:24Z,"a0b69dfb-18af-4851-9408-58a5754755fc","NUMED_PTPTN_LOAN","NUMED",,"External funding / loan",,"Available for eligible local students.",,,"External funding option mentioned in document."
"High Achiever Scholarship (Business Foundation)","2df0befc-0489-4c0d-8ab4-e07353d75cab",2026-04-16T06:43:24Z,2026-04-16T06:43:24Z,"a0b69dfb-18af-4851-9408-58a5754755fc","UOSM_HIGH_ACHIEVER_SCHOLARSHIP_BUSINESS_FOUNDATIO_4","UOSM","UOSM_BUSINESS_FOUNDATION_YEAR","Foundation scholarship","RM 13,000","9As or 5A+ / A* in SPM or equivalent",,,"Official page notes that various international boards and other qualifications may also be considered via counsellor."
"High Achiever Scholarship (Engineering/Computer Science Foundation)","2e3955e9-85ea-43c9-88fb-e94438f802a2",2026-04-16T06:43:24Z,2026-04-16T06:43:24Z,"a0b69dfb-18af-4851-9408-58a5754755fc","UOSM_HIGH_ACHIEVER_SCHOLARSHIP_ENGINEERING_FOUNDA_8","UOSM","UOSM_ENGINEERING_FOUNDATION_YEAR","Foundation scholarship","RM 6,000","6As or 4A+ / A* in SPM or equivalent",,,"Official page notes that various international boards and other qualifications may also be considered via counsellor."
"Top Achiever Scholarship (UEC)","30abdceb-26a3-4072-bcbf-31ab3302f242",2026-04-16T06:43:23Z,2026-04-16T06:43:23Z,"a0b69dfb-18af-4851-9408-58a5754755fc","UOSM_TOP_ACHIEVER_SCHOLARSHIP_BSC_COMPUTER_SCIEN_3","UOSM","UOSM_BSC_COMPUTER_SCIENCE","Merit scholarship","Engineering: 60% (Year 1) + 40% (Year 2); Other Programmes: 60% (Year 1) + 20% (Year 2 & 3)","UEC graduates: requirement 5A1 for Engineering / Computer Science Programmes.",,,"Undergraduate scholarship tier for UEC graduates."
"Top Achiever Scholarship (STPM)","3313578a-0264-4f80-833f-1f8b142d2eff",2026-04-16T06:43:23Z,2026-04-16T06:43:23Z,"a0b69dfb-18af-4851-9408-58a5754755fc","UOSM_TOP_ACHIEVER_SCHOLARSHIP_BSC_COMPUTER_SCIEN","UOSM","UOSM_BSC_COMPUTER_SCIENCE","Merit scholarship","Engineering: 60% (Year 1) + 40% (Year 2); Other Programmes: 60% (Year 1) + 20% (Year 2 & 3)","STPM graduates: requirement AAAA- for Engineering / Computer Science Programmes.",,,"Undergraduate scholarship tier for STPM graduates."
"Exceptional Achiever Scholarship (A Levels)","33e856bc-ee44-49d2-a6ad-0cacaf003a25",2026-04-16T06:43:24Z,2026-04-16T06:43:24Z,"a0b69dfb-18af-4851-9408-58a5754755fc","UOSM_EXCEPTIONAL_ACHIEVER_SCHOLAR_MENG_AERONAUTICS_A_2","UOSM","UOSM_MENG_AERONAUTICS_AND_ASTRONAUTICS","Merit scholarship","Engineering: RM 30,000; Other Programmes: RM 25,000","A Levels graduates: requirement A*A*A* for Engineering / Computer Science Programmes.",,,"Undergraduate scholarship tier for A Levels graduates."
"High Achiever Scholarship (STPM)","349a2c51-7016-45cc-9078-4e7f52767d1d",2026-04-16T06:43:24Z,2026-04-16T06:43:24Z,"a0b69dfb-18af-4851-9408-58a5754755fc","UOSM_HIGH_ACHIEVER_SCHOLARSHIP_BSC_BUSINESS_MANAG","UOSM","UOSM_BSC_BUSINESS_MANAGEMENT","Merit scholarship","RM 10,000","STPM graduates: requirement A-A-A- for Business Programmes / Economics & Actuarial Science.",,,"Undergraduate scholarship tier for STPM graduates."
"Academic Excellence Progression Scholarship","349efc03-bc7e-47d9-8f7d-08cbbce601d7",2026-04-16T06:43:24Z,2026-04-16T06:43:24Z,"a0b69dfb-18af-4851-9408-58a5754755fc","UOSM_ACADEMIC_EXCELLENCE_PROGRESS_BSC_MARKETING","UOSM","UOSM_BSC_MARKETING","Progression scholarship","Up to 100% tuition fee waiver","Only students with a minimum average score of 80% in UoSM Foundation results are eligible.",,,"For top performing UoSM Foundation students."
"Special UEC Grant - Undergraduate","36c48a9f-f359-4727-8548-ef67b22430ba",2026-04-16T06:43:23Z,2026-04-16T06:43:23Z,"a0b69dfb-18af-4851-9408-58a5754755fc","UOSM_SPECIAL_UEC_GRANT_UNDERGRADU_MENG_MECHANICAL_EN","UOSM","UOSM_MENG_MECHANICAL_ENGINEERING","UEC grant","Up to RM 7,000","Eligible UEC graduates who accept and pay deposit before intake.",,,"Cannot be compounded with scholarship/education grant; highest amount only applies."
"High Achiever Scholarship (Engineering/Computer Science Foundation)","36ce3904-e3c6-47df-9980-4362a73ac35a",2026-04-16T06:43:24Z,2026-04-16T06:43:24Z,"a0b69dfb-18af-4851-9408-58a5754755fc","UOSM_HIGH_ACHIEVER_SCHOLARSHIP_ENGINEERING_FOUNDA_4","UOSM","UOSM_ENGINEERING_FOUNDATION_YEAR","Foundation scholarship","RM 13,000","10As or 7A+ / A* in SPM or equivalent",,,"Official page notes that various international boards and other qualifications may also be considered via counsellor."
"Alumni Discount","374ee97a-c397-4384-b53d-64aacc461743",2026-04-16T06:43:24Z,2026-04-16T06:43:24Z,"a0b69dfb-18af-4851-9408-58a5754755fc","NUMED_ALUMNI_DISCOUNT","NUMED",,"Tuition discount","20% off tuition fees","For Newcastle University graduates returning for further study.",,,"Applies to returning graduates."
"High Achiever Scholarship (A Levels)","382e6bef-c256-4b8d-9306-6fdb2829466c",2026-04-16T06:43:24Z,2026-04-16T06:43:24Z,"a0b69dfb-18af-4851-9408-58a5754755fc","UOSM_HIGH_ACHIEVER_SCHOLARSHIP_BSC_COMPUTER_SCIEN_2","UOSM","UOSM_BSC_COMPUTER_SCIENCE","Merit scholarship","Engineering: RM 13,000; Other Programmes: RM 10,000","A Levels graduates: requirement A*A*A for Engineering / Computer Science Programmes.",,,"Undergraduate scholarship tier for A Levels graduates."
"Exceptional Achiever Scholarship (UEC)","3a2cd5ab-fe99-4c38-8148-d3662e6373c2",2026-04-16T06:43:24Z,2026-04-16T06:43:24Z,"a0b69dfb-18af-4851-9408-58a5754755fc","UOSM_EXCEPTIONAL_ACHIEVER_SCHOLAR_MENG_MECHANICAL_EN_3","UOSM","UOSM_MENG_MECHANICAL_ENGINEERING","Merit scholarship","Engineering: RM 30,000; Other Programmes: RM 25,000","UEC graduates: requirement 4A1 for Engineering / Computer Science Programmes.",,,"Undergraduate scholarship tier for UEC graduates."
"High Achiever Scholarship (Engineering/Computer Science Foundation)","3afda18a-a073-40df-b1c1-7e63f8412c22",2026-04-16T06:43:24Z,2026-04-16T06:43:24Z,"a0b69dfb-18af-4851-9408-58a5754755fc","UOSM_HIGH_ACHIEVER_SCHOLARSHIP_COMPUTER_SCIENCE_F_7","UOSM","UOSM_COMPUTER_SCIENCE_FOUNDATION_YEAR","Foundation scholarship","RM 7,000","7As in SPM or equivalent",,,"Official page notes that various international boards and other qualifications may also be considered via counsellor."
"High Achiever Scholarship (UEC)","3b8d83a0-e971-47d6-82cc-d24ba527d059",2026-04-16T06:43:24Z,2026-04-16T06:43:24Z,"a0b69dfb-18af-4851-9408-58a5754755fc","UOSM_HIGH_ACHIEVER_SCHOLARSHIP_BSC_BUSINESS_MANAG_3","UOSM","UOSM_BSC_BUSINESS_MANAGEMENT","Merit scholarship","RM 10,000","UEC graduates: requirement 2A1 for Business Programmes / Economics & Actuarial Science.",,,"Undergraduate scholarship tier for UEC graduates."
"Top Achiever Scholarship (Engineering/Computer Science Foundation)","3bea67c4-f64c-492d-bb22-711fd707579b",2026-04-16T06:43:23Z,2026-04-16T06:43:23Z,"a0b69dfb-18af-4851-9408-58a5754755fc","UOSM_TOP_ACHIEVER_SCHOLARSHIP_COMPUTER_SCIENCE_F_4","UOSM","UOSM_COMPUTER_SCIENCE_FOUNDATION_YEAR","Foundation scholarship","100%","8A+ / A* in SPM or equivalent",,,"Official page notes that various international boards and other qualifications may also be considered via counsellor."
"Exceptional Achiever Scholarship (UEC)","3c09d4e0-4309-4969-957f-390740ee47f8",2026-04-16T06:43:24Z,2026-04-16T06:43:24Z,"a0b69dfb-18af-4851-9408-58a5754755fc","UOSM_EXCEPTIONAL_ACHIEVER_SCHOLAR_ENGINEERING_FOUNDA_3","UOSM","UOSM_ENGINEERING_FOUNDATION_YEAR","Merit scholarship","Engineering: RM 30,000; Other Programmes: RM 25,000","UEC graduates: requirement 4A1 for Engineering / Computer Science Programmes.",,,"Undergraduate scholarship tier for UEC graduates."
"High Achiever Scholarship (A Levels)","3dab97c2-0581-4475-8282-35fce50da815",2026-04-16T06:43:24Z,2026-04-16T06:43:24Z,"a0b69dfb-18af-4851-9408-58a5754755fc","UOSM_HIGH_ACHIEVER_SCHOLARSHIP_BUSINESS_FOUNDATIO_2","UOSM","UOSM_BUSINESS_FOUNDATION_YEAR","Merit scholarship","RM 10,000","A Levels graduates: requirement AAA for Business Programmes / Economics & Actuarial Science.",,,"Undergraduate scholarship tier for A Levels graduates."
"Top Achiever Scholarship (UEC)","3e143e59-12dc-4e3b-aff6-bd4a548f81d1",2026-04-16T06:43:23Z,2026-04-16T06:43:23Z,"a0b69dfb-18af-4851-9408-58a5754755fc","UOSM_TOP_ACHIEVER_SCHOLARSHIP_BSC_BUSINESS_ENTRE_3","UOSM","UOSM_BSC_BUSINESS_ENTREPRENEURSHIP","Merit scholarship","60% (Year 1) + 20% (Year 2 & 3)","UEC graduates: requirement 4A1 for Business Programmes / Economics & Actuarial Science.",,,"Undergraduate scholarship tier for UEC graduates."
"High Achiever Scholarship (UEC)","3f3556a8-f2e9-4ef6-9b3d-7d5bc5de2eab",2026-04-16T06:43:24Z,2026-04-16T06:43:24Z,"a0b69dfb-18af-4851-9408-58a5754755fc","UOSM_HIGH_ACHIEVER_SCHOLARSHIP_BSC_ECONOMICS_AND__3","UOSM","UOSM_BSC_ECONOMICS_AND_ACTUARIAL_SCIENCE","Merit scholarship","RM 10,000","UEC graduates: requirement 2A1 for Business Programmes / Economics & Actuarial Science.",,,"Undergraduate scholarship tier for UEC graduates."
"Undergraduate Education Grant","3f88087a-a086-4e48-871f-45b1e21958bd",2026-04-16T06:43:23Z,2026-04-16T06:43:23Z,"a0b69dfb-18af-4851-9408-58a5754755fc","UOSM_UNDERGRADUATE_EDUCATION_GRAN_BSC_MARKETING","UOSM","UOSM_BSC_MARKETING","Education grant","Up to RM 5,000","Eligible applicants, except scholarship recipients; deposit required to confirm place and qualify.",,,"Cannot be compounded with scholarship/Special UEC Grant; highest amount only applies."
"Top Achiever Scholarship (UEC)","4031e8c7-4069-4dba-9be4-ac1bf21bbe85",2026-04-16T06:43:23Z,2026-04-16T06:43:23Z,"a0b69dfb-18af-4851-9408-58a5754755fc","UOSM_TOP_ACHIEVER_SCHOLARSHIP_MENG_ELECTRICAL_AN_3","UOSM","UOSM_MENG_ELECTRICAL_AND_ELECTRONIC_ENGINEERING","Merit scholarship","Engineering: 60% (Year 1) + 40% (Year 2); Other Programmes: 60% (Year 1) + 20% (Year 2 & 3)","UEC graduates: requirement 5A1 for Engineering / Computer Science Programmes.",,,"Undergraduate scholarship tier for UEC graduates."
"Top Achiever Scholarship (STPM)","408eac31-bee7-47a2-a7df-936876f655b2",2026-04-16T06:43:23Z,2026-04-16T06:43:23Z,"a0b69dfb-18af-4851-9408-58a5754755fc","UOSM_TOP_ACHIEVER_SCHOLARSHIP_BSC_BUSINESS_ENTRE","UOSM","UOSM_BSC_BUSINESS_ENTREPRENEURSHIP","Merit scholarship","60% (Year 1) + 20% (Year 2 & 3)","STPM graduates: requirement AAA- for Business Programmes / Economics & Actuarial Science.",,,"Undergraduate scholarship tier for STPM graduates."
"High Achiever Scholarship (UEC)","41a6cd57-ea55-4e9a-8779-3d930ba8e8b3",2026-04-16T06:43:24Z,2026-04-16T06:43:24Z,"a0b69dfb-18af-4851-9408-58a5754755fc","UOSM_HIGH_ACHIEVER_SCHOLARSHIP_BSC_MARKETING_3","UOSM","UOSM_BSC_MARKETING","Merit scholarship","RM 10,000","UEC graduates: requirement 2A1 for Business Programmes / Economics & Actuarial Science.",,,"Undergraduate scholarship tier for UEC graduates."
"High Achiever Scholarship (STPM)","42739153-5287-4409-b4f5-47b3f4dbd0e4",2026-04-16T06:43:24Z,2026-04-16T06:43:24Z,"a0b69dfb-18af-4851-9408-58a5754755fc","UOSM_HIGH_ACHIEVER_SCHOLARSHIP_MENG_ELECTRICAL_AN","UOSM","UOSM_MENG_ELECTRICAL_AND_ELECTRONIC_ENGINEERING","Merit scholarship","Engineering: RM 13,000; Other Programmes: RM 10,000","STPM graduates: requirement AAA- for Engineering / Computer Science Programmes.",,,"Undergraduate scholarship tier for STPM graduates."
"Undergraduate Education Grant","445a8361-865e-48e0-8567-5dc596490e8d",2026-04-16T06:43:23Z,2026-04-16T06:43:23Z,"a0b69dfb-18af-4851-9408-58a5754755fc","UOSM_UNDERGRADUATE_EDUCATION_GRAN_MENG_ELECTRICAL_AN","UOSM","UOSM_MENG_ELECTRICAL_AND_ELECTRONIC_ENGINEERING","Education grant","Up to RM 5,000","Eligible applicants, except scholarship recipients; deposit required to confirm place and qualify.",,,"Cannot be compounded with scholarship/Special UEC Grant; highest amount only applies."
"High Achiever Scholarship (Business Foundation)","44a56aa6-5acc-45b0-af06-21ac8b9c4f8a",2026-04-16T06:43:24Z,2026-04-16T06:43:24Z,"a0b69dfb-18af-4851-9408-58a5754755fc","UOSM_HIGH_ACHIEVER_SCHOLARSHIP_BUSINESS_FOUNDATIO_5","UOSM","UOSM_BUSINESS_FOUNDATION_YEAR","Foundation scholarship","RM 12,000","8As or 4A+ / A* in SPM or equivalent",,,"Official page notes that various international boards and other qualifications may also be considered via counsellor."
"Undergraduate Education Grant","459f6d32-1de1-42a8-9cc2-cdb50f690aad",2026-04-16T06:43:23Z,2026-04-16T06:43:23Z,"a0b69dfb-18af-4851-9408-58a5754755fc","UOSM_UNDERGRADUATE_EDUCATION_GRAN_BSC_BUSINESS_MANAG","UOSM","UOSM_BSC_BUSINESS_MANAGEMENT","Education grant","Up to RM 5,000","Eligible applicants, except scholarship recipients; deposit required to confirm place and qualify.",,,"Cannot be compounded with scholarship/Special UEC Grant; highest amount only applies."
"Graduate Student Financial Assistance (GRA-ASSIST)","45e38c85-783e-4575-a32e-21b1a6cf3280",2026-04-16T06:43:23Z,2026-04-16T06:43:23Z,"a0b69dfb-18af-4851-9408-58a5754755fc","USM_GRA_ASSIST","USM",,"Tuition-fee assistance","Funds first and second semester tuition fees; extension possible subject to progress","For candidates with a USM admission offer for full-time research mode Masters or PhD who have not yet registered. Open to all Malaysians (Masters and PhD) and international students (PhD only). MSc requires bachelor CGPA ≥3.00; PhD requires master CGPA ≥3.00 or research master/equivalent and one WoS/SCOPUS/ERA-indexed manuscript.","Postgraduate research mode","Application closed at time of source check","Official USM postgraduate financial assistance page: https://admission.usm.my/index.php/postgraduate/financial-assistance"
"50% Fee Waiver","46799ca9-7581-42eb-8714-5449c2f8ddeb",2026-04-16T06:43:24Z,2026-04-16T06:43:24Z,"a0b69dfb-18af-4851-9408-58a5754755fc","NUMED_50_FEE_WAIVER_BSC_BIOMEDICAL_SCI","NUMED","NUMED_BSC_BIOMEDICAL_SCIENCES","Fee waiver","50% fee waiver","Requires 5As in SPM/IGCSE and a 4.00 CGPA in the NUMed Foundation year.","2026 intake context mentioned",,"Waiver is calculated based on Foundation fees and deducted from the degree’s first-year tuition."
"High Achiever Scholarship (A Levels)","46c6218f-dee5-42c9-abde-5bca78ffb099",2026-04-16T06:43:24Z,2026-04-16T06:43:24Z,"a0b69dfb-18af-4851-9408-58a5754755fc","UOSM_HIGH_ACHIEVER_SCHOLARSHIP_COMPUTER_SCIENCE_F_2","UOSM","UOSM_COMPUTER_SCIENCE_FOUNDATION_YEAR","Merit scholarship","Engineering: RM 13,000; Other Programmes: RM 10,000","A Levels graduates: requirement A*A*A for Engineering / Computer Science Programmes.",,,"Undergraduate scholarship tier for A Levels graduates."
"Undergraduate Education Grant","48469de2-921f-4e5d-ac2c-0102ffbb6850",2026-04-16T06:43:23Z,2026-04-16T06:43:23Z,"a0b69dfb-18af-4851-9408-58a5754755fc","UOSM_UNDERGRADUATE_EDUCATION_GRAN_BSC_BUSINESS_ENTRE","UOSM","UOSM_BSC_BUSINESS_ENTREPRENEURSHIP","Education grant","Up to RM 5,000","Eligible applicants, except scholarship recipients; deposit required to confirm place and qualify.",,,"Cannot be compounded with scholarship/Special UEC Grant; highest amount only applies."
"Merit Scholarship","4847b055-8afb-4877-aa44-0fc38980799d",2026-04-16T06:43:23Z,2026-04-16T06:43:23Z,"a0b69dfb-18af-4851-9408-58a5754755fc","MDIS_MERIT_SCHOLARSHIP","MDIS",,"Scholarship","Up to RM10,000","Official MDIS Malaysia website states merit scholarships are available to eligible applicants, subject to meeting criteria and terms and conditions. Specific detailed criteria were not accessible due site verification limits.","See official MDIS scholarship pages for 2026",,"Official MDIS homepage / apply pages mention Merit Scholarships up to RM10,000 and scholarship pages for 2026: https://mdis.edu.my/ ; https://mdis.edu.my/apply-online/ ; https://mdis.edu.my/financial-assistance/"
"Special UEC Grant - Undergraduate","489fb1fa-8c61-4859-bfc6-e05995c11294",2026-04-16T06:43:23Z,2026-04-16T06:43:23Z,"a0b69dfb-18af-4851-9408-58a5754755fc","UOSM_SPECIAL_UEC_GRANT_UNDERGRADU_MENG_AERONAUTICS_A","UOSM","UOSM_MENG_AERONAUTICS_AND_ASTRONAUTICS","UEC grant","Up to RM 7,000","Eligible UEC graduates who accept and pay deposit before intake.",,,"Cannot be compounded with scholarship/education grant; highest amount only applies."
"Undergraduate Education Grant","4923f8c0-da36-4292-bbdc-ff160202a59f",2026-04-16T06:43:23Z,2026-04-16T06:43:23Z,"a0b69dfb-18af-4851-9408-58a5754755fc","UOSM_UNDERGRADUATE_EDUCATION_GRAN_BSC_BUSINESS_ANALY","UOSM","UOSM_BSC_BUSINESS_ANALYTICS","Education grant","Up to RM 5,000","Eligible applicants, except scholarship recipients; deposit required to confirm place and qualify.",,,"Cannot be compounded with scholarship/Special UEC Grant; highest amount only applies."
"Tunku Abdul Rahman Scholarship","4949056a-3250-4e8b-a9bc-db09468cf19a",2026-04-16T06:43:24Z,2026-04-16T06:43:24Z,"a0b69dfb-18af-4851-9408-58a5754755fc","NUMED_TUNKU_ABDUL_RAHMAN_SCHOLARSH","NUMED",,"External scholarship","Full tuition and allowance","For high-potential Malaysian youth.",,,"External funding option mentioned in document."
"High Achiever Scholarship (A Levels)","4e67b018-3ac1-4243-9088-d6c18b73635f",2026-04-16T06:43:24Z,2026-04-16T06:43:24Z,"a0b69dfb-18af-4851-9408-58a5754755fc","UOSM_HIGH_ACHIEVER_SCHOLARSHIP_BSC_MARKETING_2","UOSM","UOSM_BSC_MARKETING","Merit scholarship","RM 10,000","A Levels graduates: requirement AAA for Business Programmes / Economics & Actuarial Science.",,,"Undergraduate scholarship tier for A Levels graduates."
"Special UEC Grant - Undergraduate","4f721a45-461f-4e9f-9bd1-bcbb63544310",2026-04-16T06:43:23Z,2026-04-16T06:43:23Z,"a0b69dfb-18af-4851-9408-58a5754755fc","UOSM_SPECIAL_UEC_GRANT_UNDERGRADU_BSC_MARKETING","UOSM","UOSM_BSC_MARKETING","UEC grant","Up to RM 7,000","Eligible UEC graduates who accept and pay deposit before intake.",,,"Cannot be compounded with scholarship/education grant; highest amount only applies."
"Exceptional Achiever Scholarship (UEC)","4ffd2be9-300c-4eeb-b0dc-13b7f546c66d",2026-04-16T06:43:24Z,2026-04-16T06:43:24Z,"a0b69dfb-18af-4851-9408-58a5754755fc","UOSM_EXCEPTIONAL_ACHIEVER_SCHOLAR_MENG_ELECTRICAL_AN_3","UOSM","UOSM_MENG_ELECTRICAL_AND_ELECTRONIC_ENGINEERING","Merit scholarship","Engineering: RM 30,000; Other Programmes: RM 25,000","UEC graduates: requirement 4A1 for Engineering / Computer Science Programmes.",,,"Undergraduate scholarship tier for UEC graduates."
"High Achiever Scholarship (Engineering/Computer Science Foundation)","52641b5c-f1d5-4535-b89e-c9e3a52f4242",2026-04-16T06:43:24Z,2026-04-16T06:43:24Z,"a0b69dfb-18af-4851-9408-58a5754755fc","UOSM_HIGH_ACHIEVER_SCHOLARSHIP_ENGINEERING_FOUNDA_5","UOSM","UOSM_ENGINEERING_FOUNDATION_YEAR","Foundation scholarship","RM 9,000","9As or 6A+ / A* in SPM or equivalent",,,"Official page notes that various international boards and other qualifications may also be considered via counsellor."
"Top Achiever Scholarship (Engineering/Computer Science Foundation)","532322f5-5275-4c68-a3ce-7cc5787feccc",2026-04-16T06:43:23Z,2026-04-16T06:43:23Z,"a0b69dfb-18af-4851-9408-58a5754755fc","UOSM_TOP_ACHIEVER_SCHOLARSHIP_ENGINEERING_FOUNDA_4","UOSM","UOSM_ENGINEERING_FOUNDATION_YEAR","Foundation scholarship","100%","8A+ / A* in SPM or equivalent",,,"Official page notes that various international boards and other qualifications may also be considered via counsellor."
"Exceptional Achiever Scholarship (A Levels)","53ab0970-2a94-4f20-9062-e46e4442ceef",2026-04-16T06:43:24Z,2026-04-16T06:43:24Z,"a0b69dfb-18af-4851-9408-58a5754755fc","UOSM_EXCEPTIONAL_ACHIEVER_SCHOLAR_BSC_MARKETING_2","UOSM","UOSM_BSC_MARKETING","Merit scholarship","RM 25,000","A Levels graduates: requirement A*AA for Business Programmes / Economics & Actuarial Science.",,,"Undergraduate scholarship tier for A Levels graduates."
"Top Achiever Scholarship (STPM)","547cd4b0-295b-4765-9231-e9b3cfe6b13a",2026-04-16T06:43:23Z,2026-04-16T06:43:23Z,"a0b69dfb-18af-4851-9408-58a5754755fc","UOSM_TOP_ACHIEVER_SCHOLARSHIP_BSC_BUSINESS_ANALY","UOSM","UOSM_BSC_BUSINESS_ANALYTICS","Merit scholarship","60% (Year 1) + 20% (Year 2 & 3)","STPM graduates: requirement AAA- for Business Programmes / Economics & Actuarial Science.",,,"Undergraduate scholarship tier for STPM graduates."
"Top Achiever Scholarship (A Levels)","565be0f7-ff6e-4a0e-a006-22d57b14881e",2026-04-16T06:43:23Z,2026-04-16T06:43:23Z,"a0b69dfb-18af-4851-9408-58a5754755fc","UOSM_TOP_ACHIEVER_SCHOLARSHIP_BSC_BUSINESS_ANALY_2","UOSM","UOSM_BSC_BUSINESS_ANALYTICS","Merit scholarship","60% (Year 1) + 20% (Year 2 & 3)","A Levels graduates: requirement A*A*A for Business Programmes / Economics & Actuarial Science.",,,"Undergraduate scholarship tier for A Levels graduates."
"Academic Excellence Progression Scholarship","57b88129-64bf-4425-9b57-c546a66d9936",2026-04-16T06:43:24Z,2026-04-16T06:43:24Z,"a0b69dfb-18af-4851-9408-58a5754755fc","UOSM_ACADEMIC_EXCELLENCE_PROGRESS_BSC_BUSINESS_ENTRE","UOSM","UOSM_BSC_BUSINESS_ENTREPRENEURSHIP","Progression scholarship","Up to 100% tuition fee waiver","Only students with a minimum average score of 80% in UoSM Foundation results are eligible.",,,"For top performing UoSM Foundation students."
"Undergraduate Education Grant","584469ef-36f8-420d-b81b-34770f58c9aa",2026-04-16T06:43:23Z,2026-04-16T06:43:23Z,"a0b69dfb-18af-4851-9408-58a5754755fc","UOSM_UNDERGRADUATE_EDUCATION_GRAN_BSC_COMPUTER_SCIEN","UOSM","UOSM_BSC_COMPUTER_SCIENCE","Education grant","Up to RM 5,000","Eligible applicants, except scholarship recipients; deposit required to confirm place and qualify.",,,"Cannot be compounded with scholarship/Special UEC Grant; highest amount only applies."
"Exceptional Achiever Scholarship (STPM)","5ac41892-7ecb-4d70-8880-d5d4b04fe111",2026-04-16T06:43:24Z,2026-04-16T06:43:24Z,"a0b69dfb-18af-4851-9408-58a5754755fc","UOSM_EXCEPTIONAL_ACHIEVER_SCHOLAR_BSC_BUSINESS_ANALY","UOSM","UOSM_BSC_BUSINESS_ANALYTICS","Merit scholarship","RM 25,000","STPM graduates: requirement AA-A- for Business Programmes / Economics & Actuarial Science.",,,"Undergraduate scholarship tier for STPM graduates."
"Academic Excellence Progression Scholarship","5e429542-33d2-4020-95b0-682998ab4841",2026-04-16T06:43:24Z,2026-04-16T06:43:24Z,"a0b69dfb-18af-4851-9408-58a5754755fc","UOSM_ACADEMIC_EXCELLENCE_PROGRESS_BSC_ACCOUNTING_AND","UOSM","UOSM_BSC_ACCOUNTING_AND_FINANCE","Progression scholarship","Up to 100% tuition fee waiver","Only students with a minimum average score of 80% in UoSM Foundation results are eligible.",,,"For top performing UoSM Foundation students."
"High Achiever Scholarship (Engineering/Computer Science Foundation)","5e7de3d6-2982-4ef6-bb5a-5f295848fc01",2026-04-16T06:43:24Z,2026-04-16T06:43:24Z,"a0b69dfb-18af-4851-9408-58a5754755fc","UOSM_HIGH_ACHIEVER_SCHOLARSHIP_ENGINEERING_FOUNDA_7","UOSM","UOSM_ENGINEERING_FOUNDATION_YEAR","Foundation scholarship","RM 7,000","7As in SPM or equivalent",,,"Official page notes that various international boards and other qualifications may also be considered via counsellor."
"Trial/Forecast Results Scholarship","5fa043c4-ba8e-4119-bceb-59193f848d42",2026-04-16T06:43:23Z,2026-04-16T06:43:23Z,"a0b69dfb-18af-4851-9408-58a5754755fc","UOSM_TRIAL_FORECAST_RESULTS_SCHOL_ENGINEERING_FOUNDA","UOSM","UOSM_ENGINEERING_FOUNDATION_YEAR","Foundation scholarship","Up to 100% scholarship","Uses O-Level trial/forecast results; limited time offer, terms and conditions apply.",,,"Official page does not publish a full tier table in the text snippet."
"Foundation Scholarship","63b793d4-56b4-4a23-ad80-57ec1c9390f3",2026-04-16T06:43:24Z,2026-04-16T06:43:24Z,"a0b69dfb-18af-4851-9408-58a5754755fc","UORM_FOUNDATION_SCHOLARSHIP","UORM",,"Fee waiver","Up to 40% fee waiver","For 2025 SPM candidates, based on trial results, for the April 2026 intake.","April 2026",,"Document gives this as a pro-tip rather than a full scholarship page extract."
"High Achiever Scholarship (UEC)","64540167-93da-49b4-9b24-55af053e3faa",2026-04-16T06:43:24Z,2026-04-16T06:43:24Z,"a0b69dfb-18af-4851-9408-58a5754755fc","UOSM_HIGH_ACHIEVER_SCHOLARSHIP_BUSINESS_FOUNDATIO_3","UOSM","UOSM_BUSINESS_FOUNDATION_YEAR","Merit scholarship","RM 10,000","UEC graduates: requirement 2A1 for Business Programmes / Economics & Actuarial Science.",,,"Undergraduate scholarship tier for UEC graduates."
"High Achiever Scholarship (Engineering/Computer Science Foundation)","66ee87a7-9a9e-442e-8a1f-8fe850fb27ab",2026-04-16T06:43:24Z,2026-04-16T06:43:24Z,"a0b69dfb-18af-4851-9408-58a5754755fc","UOSM_HIGH_ACHIEVER_SCHOLARSHIP_COMPUTER_SCIENCE_F_5","UOSM","UOSM_COMPUTER_SCIENCE_FOUNDATION_YEAR","Foundation scholarship","RM 9,000","9As or 6A+ / A* in SPM or equivalent",,,"Official page notes that various international boards and other qualifications may also be considered via counsellor."
"Scholarship Scheme 2026","6b0cc2f0-d5a5-4f87-9b19-eba1994b1390",2026-04-16T06:43:23Z,2026-04-16T06:43:23Z,"a0b69dfb-18af-4851-9408-58a5754755fc","MDIS_SCHOLARSHIP_SCHEME_2026","MDIS",,"Scholarship","See official scheme page","Official MDIS site exposes a Scholarship Scheme 2026 page, but detailed criteria were not accessible during verification because the site was protected by a verification page.","2026",,"Official MDIS website navigation/search shows Scholarship Scheme 2026: https://mdis.edu.my/"
"Exceptional Achiever Scholarship (UEC)","6b83332c-443a-4ed7-b6e0-f5db2da8dcd2",2026-04-16T06:43:24Z,2026-04-16T06:43:24Z,"a0b69dfb-18af-4851-9408-58a5754755fc","UOSM_EXCEPTIONAL_ACHIEVER_SCHOLAR_BSC_FINANCE_AND_FI_3","UOSM","UOSM_BSC_FINANCE_AND_FINANCIAL_TECHNOLOGY","Merit scholarship","RM 25,000","UEC graduates: requirement 3A1 for Business Programmes / Economics & Actuarial Science.",,,"Undergraduate scholarship tier for UEC graduates."
"High Achiever Scholarship (Business Foundation)","6ca66ece-a39c-4a43-b32a-1c65667b122c",2026-04-16T06:43:24Z,2026-04-16T06:43:24Z,"a0b69dfb-18af-4851-9408-58a5754755fc","UOSM_HIGH_ACHIEVER_SCHOLARSHIP_BUSINESS_FOUNDATIO_7","UOSM","UOSM_BUSINESS_FOUNDATION_YEAR","Foundation scholarship","RM 7,000","6As or 3A+ / A* in SPM or equivalent",,,"Official page notes that various international boards and other qualifications may also be considered via counsellor."
"Special UEC Grant - Undergraduate","6e5805a6-6079-4f44-961e-38a7500749bc",2026-04-16T06:43:23Z,2026-04-16T06:43:23Z,"a0b69dfb-18af-4851-9408-58a5754755fc","UOSM_SPECIAL_UEC_GRANT_UNDERGRADU_MENG_ELECTRICAL_AN","UOSM","UOSM_MENG_ELECTRICAL_AND_ELECTRONIC_ENGINEERING","UEC grant","Up to RM 7,000","Eligible UEC graduates who accept and pay deposit before intake.",,,"Cannot be compounded with scholarship/education grant; highest amount only applies."
"Exceptional Achiever Scholarship (UEC)","6e8ebd24-23c5-4250-9b7c-53a692d60922",2026-04-16T06:43:24Z,2026-04-16T06:43:24Z,"a0b69dfb-18af-4851-9408-58a5754755fc","UOSM_EXCEPTIONAL_ACHIEVER_SCHOLAR_BSC_ECONOMICS_AND__3","UOSM","UOSM_BSC_ECONOMICS_AND_ACTUARIAL_SCIENCE","Merit scholarship","RM 25,000","UEC graduates: requirement 3A1 for Business Programmes / Economics & Actuarial Science.",,,"Undergraduate scholarship tier for UEC graduates."
"High Achiever Scholarship (A Levels)","6eca6a55-b1df-4f4b-82b1-85891e89b9fe",2026-04-16T06:43:24Z,2026-04-16T06:43:24Z,"a0b69dfb-18af-4851-9408-58a5754755fc","UOSM_HIGH_ACHIEVER_SCHOLARSHIP_MENG_ELECTRICAL_AN_2","UOSM","UOSM_MENG_ELECTRICAL_AND_ELECTRONIC_ENGINEERING","Merit scholarship","Engineering: RM 13,000; Other Programmes: RM 10,000","A Levels graduates: requirement A*A*A for Engineering / Computer Science Programmes.",,,"Undergraduate scholarship tier for A Levels graduates."
"Exceptional Achiever Scholarship (A Levels)","6f802158-a9a7-454d-b8ba-1e0eb1769f27",2026-04-16T06:43:24Z,2026-04-16T06:43:24Z,"a0b69dfb-18af-4851-9408-58a5754755fc","UOSM_EXCEPTIONAL_ACHIEVER_SCHOLAR_BSC_BUSINESS_MANAG_2","UOSM","UOSM_BSC_BUSINESS_MANAGEMENT","Merit scholarship","RM 25,000","A Levels graduates: requirement A*AA for Business Programmes / Economics & Actuarial Science.",,,"Undergraduate scholarship tier for A Levels graduates."
"Exceptional Achiever Scholarship (STPM)","71558680-e044-4074-a464-4695ee7d033b",2026-04-16T06:43:24Z,2026-04-16T06:43:24Z,"a0b69dfb-18af-4851-9408-58a5754755fc","UOSM_EXCEPTIONAL_ACHIEVER_SCHOLAR_BSC_ECONOMICS_AND_","UOSM","UOSM_BSC_ECONOMICS_AND_ACTUARIAL_SCIENCE","Merit scholarship","RM 25,000","STPM graduates: requirement AA-A- for Business Programmes / Economics & Actuarial Science.",,,"Undergraduate scholarship tier for STPM graduates."
"Children of Alumni Bursary","721e1058-23a7-4c99-84f5-b1e1d98c92ee",2026-04-16T06:43:24Z,2026-04-16T06:43:24Z,"a0b69dfb-18af-4851-9408-58a5754755fc","UOSM_CHILDREN_OF_ALUMNI_BURSARY","UOSM",,"Bursary","10% reduction","Dependent of alumni (either Malaysia or UK campus).",,,"Family/alumni relationship-based bursary."
"Academic Excellence Progression Scholarship","729862d9-c845-446c-8240-09d2f3bd5d24",2026-04-16T06:43:24Z,2026-04-16T06:43:24Z,"a0b69dfb-18af-4851-9408-58a5754755fc","UOSM_ACADEMIC_EXCELLENCE_PROGRESS_BSC_ECONOMICS_AND_","UOSM","UOSM_BSC_ECONOMICS_AND_ACTUARIAL_SCIENCE","Progression scholarship","Up to 100% tuition fee waiver","Only students with a minimum average score of 80% in UoSM Foundation results are eligible.",,,"For top performing UoSM Foundation students."
"Top Achiever Scholarship (UEC)","72a5d590-5afb-4789-9e5e-06c32156340c",2026-04-16T06:43:23Z,2026-04-16T06:43:23Z,"a0b69dfb-18af-4851-9408-58a5754755fc","UOSM_TOP_ACHIEVER_SCHOLARSHIP_BSC_MARKETING_3","UOSM","UOSM_BSC_MARKETING","Merit scholarship","60% (Year 1) + 20% (Year 2 & 3)","UEC graduates: requirement 4A1 for Business Programmes / Economics & Actuarial Science.",,,"Undergraduate scholarship tier for UEC graduates."
"Exceptional Achiever Scholarship (A Levels)","74ef609b-38f9-496c-b02f-395e5e4c5533",2026-04-16T06:43:24Z,2026-04-16T06:43:24Z,"a0b69dfb-18af-4851-9408-58a5754755fc","UOSM_EXCEPTIONAL_ACHIEVER_SCHOLAR_BUSINESS_FOUNDATIO_2","UOSM","UOSM_BUSINESS_FOUNDATION_YEAR","Merit scholarship","RM 25,000","A Levels graduates: requirement A*AA for Business Programmes / Economics & Actuarial Science.",,,"Undergraduate scholarship tier for A Levels graduates."
"Top Achiever Scholarship (STPM)","760f3174-c633-40d0-8a0e-e8bfaddd2f20",2026-04-16T06:43:23Z,2026-04-16T06:43:23Z,"a0b69dfb-18af-4851-9408-58a5754755fc","UOSM_TOP_ACHIEVER_SCHOLARSHIP_MENG_AERONAUTICS_A","UOSM","UOSM_MENG_AERONAUTICS_AND_ASTRONAUTICS","Merit scholarship","Engineering: 60% (Year 1) + 40% (Year 2); Other Programmes: 60% (Year 1) + 20% (Year 2 & 3)","STPM graduates: requirement AAAA- for Engineering / Computer Science Programmes.",,,"Undergraduate scholarship tier for STPM graduates."
"High Achiever Scholarship (A Levels)","7680c9af-ba6e-4bba-b684-629330d6ae4b",2026-04-16T06:43:24Z,2026-04-16T06:43:24Z,"a0b69dfb-18af-4851-9408-58a5754755fc","UOSM_HIGH_ACHIEVER_SCHOLARSHIP_BSC_ECONOMICS_AND__2","UOSM","UOSM_BSC_ECONOMICS_AND_ACTUARIAL_SCIENCE","Merit scholarship","RM 10,000","A Levels graduates: requirement AAA for Business Programmes / Economics & Actuarial Science.",,,"Undergraduate scholarship tier for A Levels graduates."
"Dana Ilmu IIB (Iskandar Investment Berhad)","7731b71e-0dff-4eee-96c2-6751502f30fd",2026-04-16T06:43:24Z,2026-04-16T06:43:24Z,"a0b69dfb-18af-4851-9408-58a5754755fc","NUMED_DANA_ILMU_IIB","NUMED",,"External scholarship",,"Specifically for Johor-resident students from B40 families.",,,"External funding option mentioned in document."
"Exceptional Achiever Scholarship (STPM)","77e6753e-e2ce-4528-a8ff-4ea5e7484dec",2026-04-16T06:43:24Z,2026-04-16T06:43:24Z,"a0b69dfb-18af-4851-9408-58a5754755fc","UOSM_EXCEPTIONAL_ACHIEVER_SCHOLAR_ENGINEERING_FOUNDA","UOSM","UOSM_ENGINEERING_FOUNDATION_YEAR","Merit scholarship","Engineering: RM 30,000; Other Programmes: RM 25,000","STPM graduates: requirement AAA for Engineering / Computer Science Programmes.",,,"Undergraduate scholarship tier for STPM graduates."
"Top Achiever Scholarship (UEC)","7af55b2f-78b5-42e6-a4b4-1ef0e80ac7cb",2026-04-16T06:43:23Z,2026-04-16T06:43:23Z,"a0b69dfb-18af-4851-9408-58a5754755fc","UOSM_TOP_ACHIEVER_SCHOLARSHIP_BSC_FINANCE_AND_FI_3","UOSM","UOSM_BSC_FINANCE_AND_FINANCIAL_TECHNOLOGY","Merit scholarship","60% (Year 1) + 20% (Year 2 & 3)","UEC graduates: requirement 4A1 for Business Programmes / Economics & Actuarial Science.",,,"Undergraduate scholarship tier for UEC graduates."
"High Achiever Scholarship (UEC)","7b0d54d7-ef3f-4fc6-bb9d-5bf65ef1f2b0",2026-04-16T06:43:24Z,2026-04-16T06:43:24Z,"a0b69dfb-18af-4851-9408-58a5754755fc","UOSM_HIGH_ACHIEVER_SCHOLARSHIP_BSC_COMPUTER_SCIEN_3","UOSM","UOSM_BSC_COMPUTER_SCIENCE","Merit scholarship","Engineering: RM 13,000; Other Programmes: RM 10,000","UEC graduates: requirement 3A1 for Engineering / Computer Science Programmes.",,,"Undergraduate scholarship tier for UEC graduates."
"Top Achiever Scholarship (STPM)","7cb44d34-2b0a-4507-8251-8167e15f2890",2026-04-16T06:43:23Z,2026-04-16T06:43:23Z,"a0b69dfb-18af-4851-9408-58a5754755fc","UOSM_TOP_ACHIEVER_SCHOLARSHIP_BSC_FINANCE_AND_FI","UOSM","UOSM_BSC_FINANCE_AND_FINANCIAL_TECHNOLOGY","Merit scholarship","60% (Year 1) + 20% (Year 2 & 3)","STPM graduates: requirement AAA- for Business Programmes / Economics & Actuarial Science.",,,"Undergraduate scholarship tier for STPM graduates."
"Exceptional Achiever Scholarship (A Levels)","7f0faee8-0092-48ea-b396-ec4c21ff368a",2026-04-16T06:43:24Z,2026-04-16T06:43:24Z,"a0b69dfb-18af-4851-9408-58a5754755fc","UOSM_EXCEPTIONAL_ACHIEVER_SCHOLAR_MENG_ELECTRICAL_AN_2","UOSM","UOSM_MENG_ELECTRICAL_AND_ELECTRONIC_ENGINEERING","Merit scholarship","Engineering: RM 30,000; Other Programmes: RM 25,000","A Levels graduates: requirement A*A*A* for Engineering / Computer Science Programmes.",,,"Undergraduate scholarship tier for A Levels graduates."
"Top Achiever Scholarship (A Levels)","7fc32b2f-b09d-4953-bc4a-2691ed1d0daa",2026-04-16T06:43:23Z,2026-04-16T06:43:23Z,"a0b69dfb-18af-4851-9408-58a5754755fc","UOSM_TOP_ACHIEVER_SCHOLARSHIP_ENGINEERING_FOUNDA_2","UOSM","UOSM_ENGINEERING_FOUNDATION_YEAR","Merit scholarship","Engineering: 60% (Year 1) + 40% (Year 2); Other Programmes: 60% (Year 1) + 20% (Year 2 & 3)","A Levels graduates: requirement A*A*A*A for Engineering / Computer Science Programmes.",,,"Undergraduate scholarship tier for A Levels graduates."
"Exceptional Achiever Scholarship (A Levels)","833b78c8-36c9-4731-a1fe-54d5db409b79",2026-04-16T06:43:24Z,2026-04-16T06:43:24Z,"a0b69dfb-18af-4851-9408-58a5754755fc","UOSM_EXCEPTIONAL_ACHIEVER_SCHOLAR_ENGINEERING_FOUNDA_2","UOSM","UOSM_ENGINEERING_FOUNDATION_YEAR","Merit scholarship","Engineering: RM 30,000; Other Programmes: RM 25,000","A Levels graduates: requirement A*A*A* for Engineering / Computer Science Programmes.",,,"Undergraduate scholarship tier for A Levels graduates."
"Special UEC Grant - Foundation","85bd7dbe-2e1f-4ebf-83e3-e3806a8f81d2",2026-04-16T06:43:23Z,2026-04-16T06:43:23Z,"a0b69dfb-18af-4851-9408-58a5754755fc","UOSM_SPECIAL_UEC_GRANT_FOUNDATION_COMPUTER_SCIENCE_F","UOSM","UOSM_COMPUTER_SCIENCE_FOUNDATION_YEAR","UEC grant","Up to RM 5,000","Eligible UEC graduates applying into UoSM Foundation Year programmes; deposit required.",,,"First come first served basis. Cannot be compounded with scholarship/education grant; highest amount only applies."
"High Achiever Scholarship (Engineering/Computer Science Foundation)","85e90f2e-5510-4ac1-a695-3e0a196dc529",2026-04-16T06:43:24Z,2026-04-16T06:43:24Z,"a0b69dfb-18af-4851-9408-58a5754755fc","UOSM_HIGH_ACHIEVER_SCHOLARSHIP_COMPUTER_SCIENCE_F_10","UOSM","UOSM_COMPUTER_SCIENCE_FOUNDATION_YEAR","Foundation scholarship","RM 2,500","1A to 4As in SPM or equivalent",,,"Official page notes that various international boards and other qualifications may also be considered via counsellor."
"Academic Excellence Progression Scholarship","88a5c7a8-552c-4f19-9ad4-9ddce6787fd4",2026-04-16T06:43:24Z,2026-04-16T06:43:24Z,"a0b69dfb-18af-4851-9408-58a5754755fc","UOSM_ACADEMIC_EXCELLENCE_PROGRESS_MENG_AERONAUTICS_A","UOSM","UOSM_MENG_AERONAUTICS_AND_ASTRONAUTICS","Progression scholarship","Up to 100% tuition fee waiver","Only students with a minimum average score of 80% in UoSM Foundation results are eligible.",,,"For top performing UoSM Foundation students."
"High Achiever Scholarship (UEC)","8994349a-fab6-4822-8a57-fdf0defb1d94",2026-04-16T06:43:24Z,2026-04-16T06:43:24Z,"a0b69dfb-18af-4851-9408-58a5754755fc","UOSM_HIGH_ACHIEVER_SCHOLARSHIP_ENGINEERING_FOUNDA_3","UOSM","UOSM_ENGINEERING_FOUNDATION_YEAR","Merit scholarship","Engineering: RM 13,000; Other Programmes: RM 10,000","UEC graduates: requirement 3A1 for Engineering / Computer Science Programmes.",,,"Undergraduate scholarship tier for UEC graduates."
"High Achiever Scholarship (Engineering/Computer Science Foundation)","89c8beb0-18fe-43c7-a257-7928ffd01048",2026-04-16T06:43:24Z,2026-04-16T06:43:24Z,"a0b69dfb-18af-4851-9408-58a5754755fc","UOSM_HIGH_ACHIEVER_SCHOLARSHIP_COMPUTER_SCIENCE_F_4","UOSM","UOSM_COMPUTER_SCIENCE_FOUNDATION_YEAR","Foundation scholarship","RM 13,000","10As or 7A+ / A* in SPM or equivalent",,,"Official page notes that various international boards and other qualifications may also be considered via counsellor."
"Exceptional Achiever Scholarship (A Levels)","8c31119d-3d69-4d83-98de-7595992daa8d",2026-04-16T06:43:24Z,2026-04-16T06:43:24Z,"a0b69dfb-18af-4851-9408-58a5754755fc","UOSM_EXCEPTIONAL_ACHIEVER_SCHOLAR_BSC_ACCOUNTING_AND_2","UOSM","UOSM_BSC_ACCOUNTING_AND_FINANCE","Merit scholarship","RM 25,000","A Levels graduates: requirement A*AA for Business Programmes / Economics & Actuarial Science.",,,"Undergraduate scholarship tier for A Levels graduates."
"Academic Excellence Progression Scholarship","8c378518-6c95-40a2-ace5-93a49b05037a",2026-04-16T06:43:24Z,2026-04-16T06:43:24Z,"a0b69dfb-18af-4851-9408-58a5754755fc","UOSM_ACADEMIC_EXCELLENCE_PROGRESS_BSC_BUSINESS_ANALY","UOSM","UOSM_BSC_BUSINESS_ANALYTICS","Progression scholarship","Up to 100% tuition fee waiver","Only students with a minimum average score of 80% in UoSM Foundation results are eligible.",,,"For top performing UoSM Foundation students."
"Top Achiever Scholarship (UEC)","8c3b66fc-af4b-4734-b952-d876dadbbd8b",2026-04-16T06:43:23Z,2026-04-16T06:43:23Z,"a0b69dfb-18af-4851-9408-58a5754755fc","UOSM_TOP_ACHIEVER_SCHOLARSHIP_COMPUTER_SCIENCE_F_3","UOSM","UOSM_COMPUTER_SCIENCE_FOUNDATION_YEAR","Merit scholarship","Engineering: 60% (Year 1) + 40% (Year 2); Other Programmes: 60% (Year 1) + 20% (Year 2 & 3)","UEC graduates: requirement 5A1 for Engineering / Computer Science Programmes.",,,"Undergraduate scholarship tier for UEC graduates."
"High Achiever Scholarship (UEC)","8c7a5a7f-5bd1-4ed4-9b1c-be2f66ea1e4a",2026-04-16T06:43:24Z,2026-04-16T06:43:24Z,"a0b69dfb-18af-4851-9408-58a5754755fc","UOSM_HIGH_ACHIEVER_SCHOLARSHIP_COMPUTER_SCIENCE_F_3","UOSM","UOSM_COMPUTER_SCIENCE_FOUNDATION_YEAR","Merit scholarship","Engineering: RM 13,000; Other Programmes: RM 10,000","UEC graduates: requirement 3A1 for Engineering / Computer Science Programmes.",,,"Undergraduate scholarship tier for UEC graduates."
"Top Achiever Scholarship (A Levels)","8cf3451f-0450-4fca-a196-0e0e6ea13b24",2026-04-16T06:43:23Z,2026-04-16T06:43:23Z,"a0b69dfb-18af-4851-9408-58a5754755fc","UOSM_TOP_ACHIEVER_SCHOLARSHIP_BSC_ECONOMICS_AND__2","UOSM","UOSM_BSC_ECONOMICS_AND_ACTUARIAL_SCIENCE","Merit scholarship","60% (Year 1) + 20% (Year 2 & 3)","A Levels graduates: requirement A*A*A for Business Programmes / Economics & Actuarial Science.",,,"Undergraduate scholarship tier for A Levels graduates."
"Exceptional Achiever Scholarship (STPM)","8d646d65-d223-40aa-9aed-25765deb2445",2026-04-16T06:43:24Z,2026-04-16T06:43:24Z,"a0b69dfb-18af-4851-9408-58a5754755fc","UOSM_EXCEPTIONAL_ACHIEVER_SCHOLAR_BSC_ACCOUNTING_AND","UOSM","UOSM_BSC_ACCOUNTING_AND_FINANCE","Merit scholarship","RM 25,000","STPM graduates: requirement AA-A- for Business Programmes / Economics & Actuarial Science.",,,"Undergraduate scholarship tier for STPM graduates."
"High Achiever Scholarship (UEC)","8ea728a2-b884-4902-aa35-d348e65c2dd7",2026-04-16T06:43:24Z,2026-04-16T06:43:24Z,"a0b69dfb-18af-4851-9408-58a5754755fc","UOSM_HIGH_ACHIEVER_SCHOLARSHIP_BSC_FINANCE_AND_FI_3","UOSM","UOSM_BSC_FINANCE_AND_FINANCIAL_TECHNOLOGY","Merit scholarship","RM 10,000","UEC graduates: requirement 2A1 for Business Programmes / Economics & Actuarial Science.",,,"Undergraduate scholarship tier for UEC graduates."
"High Achiever Scholarship (UEC)","90e0c986-8859-4c93-8b29-9993589f7ee0",2026-04-16T06:43:24Z,2026-04-16T06:43:24Z,"a0b69dfb-18af-4851-9408-58a5754755fc","UOSM_HIGH_ACHIEVER_SCHOLARSHIP_MENG_MECHANICAL_EN_3","UOSM","UOSM_MENG_MECHANICAL_ENGINEERING","Merit scholarship","Engineering: RM 13,000; Other Programmes: RM 10,000","UEC graduates: requirement 3A1 for Engineering / Computer Science Programmes.",,,"Undergraduate scholarship tier for UEC graduates."
"Special UEC Grant - Undergraduate","925c2098-ef74-4f17-ac7e-0200a0ca3ae9",2026-04-16T06:43:23Z,2026-04-16T06:43:23Z,"a0b69dfb-18af-4851-9408-58a5754755fc","UOSM_SPECIAL_UEC_GRANT_UNDERGRADU_BSC_ACCOUNTING_AND","UOSM","UOSM_BSC_ACCOUNTING_AND_FINANCE","UEC grant","Up to RM 7,000","Eligible UEC graduates who accept and pay deposit before intake.",,,"Cannot be compounded with scholarship/education grant; highest amount only applies."
"Top Achiever Scholarship (UEC)","925fc035-74c5-4f6f-9625-e0d0332f6bff",2026-04-16T06:43:23Z,2026-04-16T06:43:23Z,"a0b69dfb-18af-4851-9408-58a5754755fc","UOSM_TOP_ACHIEVER_SCHOLARSHIP_BSC_ACCOUNTING_AND_3","UOSM","UOSM_BSC_ACCOUNTING_AND_FINANCE","Merit scholarship","60% (Year 1) + 20% (Year 2 & 3)","UEC graduates: requirement 4A1 for Business Programmes / Economics & Actuarial Science.",,,"Undergraduate scholarship tier for UEC graduates."
"PTPTN Study Loan","931c034f-4a4f-4db6-ab4b-7c3f7e6ffe60",2026-04-16T06:43:23Z,2026-04-16T06:43:23Z,"a0b69dfb-18af-4851-9408-58a5754755fc","MDIS_PTPTN_STUDY_LOAN","MDIS",,"Financial assistance / study loan","Loan amount not specified in accessible snippet","MDIS financial assistance page says prospective students can apply for PTPTN study loan. Accessible snippet lists criteria including Malaysian citizenship, not exceeding 45 years of age on the date of application, and passing SPM with credits in any 3 subjects; additional wording mentions SPM for Community College Certificate and Polytechnic Diploma graduates.","Local students / prospective students",,"Official MDIS financial assistance page (page itself blocked by site verification during check; details taken from official search snippet): https://mdis.edu.my/financial-assistance/"
"High Achiever Scholarship (STPM)","94276500-f9c6-41fb-b2d0-aed198cd7c42",2026-04-16T06:43:24Z,2026-04-16T06:43:24Z,"a0b69dfb-18af-4851-9408-58a5754755fc","UOSM_HIGH_ACHIEVER_SCHOLARSHIP_BUSINESS_FOUNDATIO","UOSM","UOSM_BUSINESS_FOUNDATION_YEAR","Merit scholarship","RM 10,000","STPM graduates: requirement A-A-A- for Business Programmes / Economics & Actuarial Science.",,,"Undergraduate scholarship tier for STPM graduates."
"Top Achiever Scholarship (STPM)","958f2c23-01d6-4497-a6ac-e77fce0f7f91",2026-04-16T06:43:23Z,2026-04-16T06:43:23Z,"a0b69dfb-18af-4851-9408-58a5754755fc","UOSM_TOP_ACHIEVER_SCHOLARSHIP_ENGINEERING_FOUNDA","UOSM","UOSM_ENGINEERING_FOUNDATION_YEAR","Merit scholarship","Engineering: 60% (Year 1) + 40% (Year 2); Other Programmes: 60% (Year 1) + 20% (Year 2 & 3)","STPM graduates: requirement AAAA- for Engineering / Computer Science Programmes.",,,"Undergraduate scholarship tier for STPM graduates."
"Exceptional Achiever Scholarship (UEC)","95d2e97b-090a-4178-ac7c-9550da48b6a1",2026-04-16T06:43:24Z,2026-04-16T06:43:24Z,"a0b69dfb-18af-4851-9408-58a5754755fc","UOSM_EXCEPTIONAL_ACHIEVER_SCHOLAR_BSC_MARKETING_3","UOSM","UOSM_BSC_MARKETING","Merit scholarship","RM 25,000","UEC graduates: requirement 3A1 for Business Programmes / Economics & Actuarial Science.",,,"Undergraduate scholarship tier for UEC graduates."
"Exceptional Achiever Scholarship (UEC)","95d9c068-bbe3-40e5-90d6-cadeacb79624",2026-04-16T06:43:24Z,2026-04-16T06:43:24Z,"a0b69dfb-18af-4851-9408-58a5754755fc","UOSM_EXCEPTIONAL_ACHIEVER_SCHOLAR_BSC_ACCOUNTING_AND_3","UOSM","UOSM_BSC_ACCOUNTING_AND_FINANCE","Merit scholarship","RM 25,000","UEC graduates: requirement 3A1 for Business Programmes / Economics & Actuarial Science.",,,"Undergraduate scholarship tier for UEC graduates."
"Exceptional Achiever Scholarship (UEC)","96f1e38a-fe5e-4a15-a952-9818dbaf9d4a",2026-04-16T06:43:24Z,2026-04-16T06:43:24Z,"a0b69dfb-18af-4851-9408-58a5754755fc","UOSM_EXCEPTIONAL_ACHIEVER_SCHOLAR_BSC_BUSINESS_MANAG_3","UOSM","UOSM_BSC_BUSINESS_MANAGEMENT","Merit scholarship","RM 25,000","UEC graduates: requirement 3A1 for Business Programmes / Economics & Actuarial Science.",,,"Undergraduate scholarship tier for UEC graduates."
"Special UEC Grant - Foundation","98182b3c-8612-40fa-b33e-f0a5dbe9eaca",2026-04-16T06:43:24Z,2026-04-16T06:43:24Z,"a0b69dfb-18af-4851-9408-58a5754755fc","UOSM_SPECIAL_UEC_GRANT_FOUNDATION_BUSINESS_FOUNDATIO","UOSM","UOSM_BUSINESS_FOUNDATION_YEAR","UEC grant","Up to RM 5,000","Eligible UEC graduates applying into UoSM Foundation Year programmes; deposit required.",,,"First come first served basis. Cannot be compounded with scholarship/education grant; highest amount only applies."
"Academic Excellence Progression Scholarship","9a1edfa4-a403-47cd-82c8-c53c3071782c",2026-04-16T06:43:24Z,2026-04-16T06:43:24Z,"a0b69dfb-18af-4851-9408-58a5754755fc","UOSM_ACADEMIC_EXCELLENCE_PROGRESS_BSC_FINANCE_AND_FI","UOSM","UOSM_BSC_FINANCE_AND_FINANCIAL_TECHNOLOGY","Progression scholarship","Up to 100% tuition fee waiver","Only students with a minimum average score of 80% in UoSM Foundation results are eligible.",,,"For top performing UoSM Foundation students."
"Special UEC Grant - Foundation","9aa3bdfc-351e-48a7-b4f5-7d377b9c7089",2026-04-16T06:43:23Z,2026-04-16T06:43:23Z,"a0b69dfb-18af-4851-9408-58a5754755fc","UOSM_SPECIAL_UEC_GRANT_FOUNDATION_ENGINEERING_FOUNDA","UOSM","UOSM_ENGINEERING_FOUNDATION_YEAR","UEC grant","Up to RM 5,000","Eligible UEC graduates applying into UoSM Foundation Year programmes; deposit required.",,,"First come first served basis. Cannot be compounded with scholarship/education grant; highest amount only applies."
"Exceptional Achiever Scholarship (A Levels)","9afb9e71-8d78-4dce-82d0-00696f230301",2026-04-16T06:43:24Z,2026-04-16T06:43:24Z,"a0b69dfb-18af-4851-9408-58a5754755fc","UOSM_EXCEPTIONAL_ACHIEVER_SCHOLAR_BSC_COMPUTER_SCIEN_2","UOSM","UOSM_BSC_COMPUTER_SCIENCE","Merit scholarship","Engineering: RM 30,000; Other Programmes: RM 25,000","A Levels graduates: requirement A*A*A* for Engineering / Computer Science Programmes.",,,"Undergraduate scholarship tier for A Levels graduates."
"Exceptional Achiever Scholarship (STPM)","9ce67d35-242f-4cf3-b8e1-053f899fa6a2",2026-04-16T06:43:24Z,2026-04-16T06:43:24Z,"a0b69dfb-18af-4851-9408-58a5754755fc","UOSM_EXCEPTIONAL_ACHIEVER_SCHOLAR_BSC_BUSINESS_MANAG","UOSM","UOSM_BSC_BUSINESS_MANAGEMENT","Merit scholarship","RM 25,000","STPM graduates: requirement AA-A- for Business Programmes / Economics & Actuarial Science.",,,"Undergraduate scholarship tier for STPM graduates."
"High Achiever Scholarship (Business Foundation)","9de9a159-545c-401f-8a75-14be12f9adc0",2026-04-16T06:43:24Z,2026-04-16T06:43:24Z,"a0b69dfb-18af-4851-9408-58a5754755fc","UOSM_HIGH_ACHIEVER_SCHOLARSHIP_BUSINESS_FOUNDATIO_11","UOSM","UOSM_BUSINESS_FOUNDATION_YEAR","Foundation scholarship","RM 2,500","1B to 2As in SPM or equivalent",,,"Official page notes that various international boards and other qualifications may also be considered via counsellor."
"Top Achiever Scholarship (STPM)","9e4d4caa-35f7-4eef-890c-85ff7477117e",2026-04-16T06:43:23Z,2026-04-16T06:43:23Z,"a0b69dfb-18af-4851-9408-58a5754755fc","UOSM_TOP_ACHIEVER_SCHOLARSHIP_COMPUTER_SCIENCE_F","UOSM","UOSM_COMPUTER_SCIENCE_FOUNDATION_YEAR","Merit scholarship","Engineering: 60% (Year 1) + 40% (Year 2); Other Programmes: 60% (Year 1) + 20% (Year 2 & 3)","STPM graduates: requirement AAAA- for Engineering / Computer Science Programmes.",,,"Undergraduate scholarship tier for STPM graduates."
"High Achiever Scholarship (A Levels)","9f1813d9-ac4b-4700-b0b5-aaba5990a262",2026-04-16T06:43:24Z,2026-04-16T06:43:24Z,"a0b69dfb-18af-4851-9408-58a5754755fc","UOSM_HIGH_ACHIEVER_SCHOLARSHIP_BSC_FINANCE_AND_FI_2","UOSM","UOSM_BSC_FINANCE_AND_FINANCIAL_TECHNOLOGY","Merit scholarship","RM 10,000","A Levels graduates: requirement AAA for Business Programmes / Economics & Actuarial Science.",,,"Undergraduate scholarship tier for A Levels graduates."
"Undergraduate Education Grant","9f96a764-4d0b-43c9-8f9b-a5b04ed3ce1d",2026-04-16T06:43:23Z,2026-04-16T06:43:23Z,"a0b69dfb-18af-4851-9408-58a5754755fc","UOSM_UNDERGRADUATE_EDUCATION_GRAN_BSC_ACCOUNTING_AND","UOSM","UOSM_BSC_ACCOUNTING_AND_FINANCE","Education grant","Up to RM 5,000","Eligible applicants, except scholarship recipients; deposit required to confirm place and qualify.",,,"Cannot be compounded with scholarship/Special UEC Grant; highest amount only applies."
"High Achiever Scholarship (UEC)","a034eb3d-e118-43de-affc-9fcacdd72f1d",2026-04-16T06:43:24Z,2026-04-16T06:43:24Z,"a0b69dfb-18af-4851-9408-58a5754755fc","UOSM_HIGH_ACHIEVER_SCHOLARSHIP_BSC_BUSINESS_ANALY_3","UOSM","UOSM_BSC_BUSINESS_ANALYTICS","Merit scholarship","RM 10,000","UEC graduates: requirement 2A1 for Business Programmes / Economics & Actuarial Science.",,,"Undergraduate scholarship tier for UEC graduates."
"Top Achiever Scholarship (UEC)","a1694cb0-01bb-4069-86e4-660b9f099190",2026-04-16T06:43:23Z,2026-04-16T06:43:23Z,"a0b69dfb-18af-4851-9408-58a5754755fc","UOSM_TOP_ACHIEVER_SCHOLARSHIP_MENG_MECHANICAL_EN_3","UOSM","UOSM_MENG_MECHANICAL_ENGINEERING","Merit scholarship","Engineering: 60% (Year 1) + 40% (Year 2); Other Programmes: 60% (Year 1) + 20% (Year 2 & 3)","UEC graduates: requirement 5A1 for Engineering / Computer Science Programmes.",,,"Undergraduate scholarship tier for UEC graduates."
"Sibling Bursary","a2b3a741-5974-4ad2-b46e-bad52a564b79",2026-04-16T06:43:24Z,2026-04-16T06:43:24Z,"a0b69dfb-18af-4851-9408-58a5754755fc","UOSM_SIBLING_BURSARY","UOSM",,"Bursary","10% reduction","Sibling of current students / alumni (either Malaysia or UK campus).",,,"Family relationship-based bursary."
"Exceptional Achiever Scholarship (A Levels)","a6eb060b-cec8-4b71-8eb7-63e28afa56d6",2026-04-16T06:43:24Z,2026-04-16T06:43:24Z,"a0b69dfb-18af-4851-9408-58a5754755fc","UOSM_EXCEPTIONAL_ACHIEVER_SCHOLAR_BSC_BUSINESS_ENTRE_2","UOSM","UOSM_BSC_BUSINESS_ENTREPRENEURSHIP","Merit scholarship","RM 25,000","A Levels graduates: requirement A*AA for Business Programmes / Economics & Actuarial Science.",,,"Undergraduate scholarship tier for A Levels graduates."
"Top Achiever Scholarship (A Levels)","a748954f-2cf0-43e8-9a1f-8c84265f317f",2026-04-16T06:43:23Z,2026-04-16T06:43:23Z,"a0b69dfb-18af-4851-9408-58a5754755fc","UOSM_TOP_ACHIEVER_SCHOLARSHIP_COMPUTER_SCIENCE_F_2","UOSM","UOSM_COMPUTER_SCIENCE_FOUNDATION_YEAR","Merit scholarship","Engineering: 60% (Year 1) + 40% (Year 2); Other Programmes: 60% (Year 1) + 20% (Year 2 & 3)","A Levels graduates: requirement A*A*A*A for Engineering / Computer Science Programmes.",,,"Undergraduate scholarship tier for A Levels graduates."
"Exceptional Achiever Scholarship (STPM)","a81a6dd2-c39b-4760-b38d-34efcc83c2e6",2026-04-16T06:43:24Z,2026-04-16T06:43:24Z,"a0b69dfb-18af-4851-9408-58a5754755fc","UOSM_EXCEPTIONAL_ACHIEVER_SCHOLAR_BUSINESS_FOUNDATIO","UOSM","UOSM_BUSINESS_FOUNDATION_YEAR","Merit scholarship","RM 25,000","STPM graduates: requirement AA-A- for Business Programmes / Economics & Actuarial Science.",,,"Undergraduate scholarship tier for STPM graduates."
"High Achiever Scholarship (A Levels)","a8eb3453-1031-4f0c-81d2-52c147faf05f",2026-04-16T06:43:24Z,2026-04-16T06:43:24Z,"a0b69dfb-18af-4851-9408-58a5754755fc","UOSM_HIGH_ACHIEVER_SCHOLARSHIP_ENGINEERING_FOUNDA_2","UOSM","UOSM_ENGINEERING_FOUNDATION_YEAR","Merit scholarship","Engineering: RM 13,000; Other Programmes: RM 10,000","A Levels graduates: requirement A*A*A for Engineering / Computer Science Programmes.",,,"Undergraduate scholarship tier for A Levels graduates."
"High Achiever Scholarship (Engineering/Computer Science Foundation)","adb98901-5024-43b0-8343-01210cafc187",2026-04-16T06:43:24Z,2026-04-16T06:43:24Z,"a0b69dfb-18af-4851-9408-58a5754755fc","UOSM_HIGH_ACHIEVER_SCHOLARSHIP_COMPUTER_SCIENCE_F_9","UOSM","UOSM_COMPUTER_SCIENCE_FOUNDATION_YEAR","Foundation scholarship","RM 3,000","5As or 3A+ / A* in SPM or equivalent",,,"Official page notes that various international boards and other qualifications may also be considered via counsellor."
"Top Achiever Scholarship (A Levels)","b084b28e-4aa4-40c0-b728-42824e564bd1",2026-04-16T06:43:23Z,2026-04-16T06:43:23Z,"a0b69dfb-18af-4851-9408-58a5754755fc","UOSM_TOP_ACHIEVER_SCHOLARSHIP_BSC_COMPUTER_SCIEN_2","UOSM","UOSM_BSC_COMPUTER_SCIENCE","Merit scholarship","Engineering: 60% (Year 1) + 40% (Year 2); Other Programmes: 60% (Year 1) + 20% (Year 2 & 3)","A Levels graduates: requirement A*A*A*A for Engineering / Computer Science Programmes.",,,"Undergraduate scholarship tier for A Levels graduates."
"Academic Excellence Progression Scholarship","b1134fc0-9415-434c-ad26-82a0b3e48dd0",2026-04-16T06:43:24Z,2026-04-16T06:43:24Z,"a0b69dfb-18af-4851-9408-58a5754755fc","UOSM_ACADEMIC_EXCELLENCE_PROGRESS_MENG_MECHANICAL_EN","UOSM","UOSM_MENG_MECHANICAL_ENGINEERING","Progression scholarship","Up to 100% tuition fee waiver","Only students with a minimum average score of 80% in UoSM Foundation results are eligible.",,,"For top performing UoSM Foundation students."
"High Achiever Scholarship (Engineering/Computer Science Foundation)","b399b4a2-b054-4bee-8780-89b559853b01",2026-04-16T06:43:24Z,2026-04-16T06:43:24Z,"a0b69dfb-18af-4851-9408-58a5754755fc","UOSM_HIGH_ACHIEVER_SCHOLARSHIP_ENGINEERING_FOUNDA_9","UOSM","UOSM_ENGINEERING_FOUNDATION_YEAR","Foundation scholarship","RM 3,000","5As or 3A+ / A* in SPM or equivalent",,,"Official page notes that various international boards and other qualifications may also be considered via counsellor."
"Top Achiever Scholarship (A Levels)","b47f59f2-57cd-4539-b295-e52cdc78c554",2026-04-16T06:43:23Z,2026-04-16T06:43:23Z,"a0b69dfb-18af-4851-9408-58a5754755fc","UOSM_TOP_ACHIEVER_SCHOLARSHIP_MENG_AERONAUTICS_A_2","UOSM","UOSM_MENG_AERONAUTICS_AND_ASTRONAUTICS","Merit scholarship","Engineering: 60% (Year 1) + 40% (Year 2); Other Programmes: 60% (Year 1) + 20% (Year 2 & 3)","A Levels graduates: requirement A*A*A*A for Engineering / Computer Science Programmes.",,,"Undergraduate scholarship tier for A Levels graduates."
"Exceptional Achiever Scholarship (STPM)","b788ec63-ae4d-4303-bba9-ae9913949518",2026-04-16T06:43:24Z,2026-04-16T06:43:24Z,"a0b69dfb-18af-4851-9408-58a5754755fc","UOSM_EXCEPTIONAL_ACHIEVER_SCHOLAR_MENG_ELECTRICAL_AN","UOSM","UOSM_MENG_ELECTRICAL_AND_ELECTRONIC_ENGINEERING","Merit scholarship","Engineering: RM 30,000; Other Programmes: RM 25,000","STPM graduates: requirement AAA for Engineering / Computer Science Programmes.",,,"Undergraduate scholarship tier for STPM graduates."
"High Achiever Scholarship (STPM)","b9c603ba-d3b4-4b9e-b860-21d31640edf1",2026-04-16T06:43:24Z,2026-04-16T06:43:24Z,"a0b69dfb-18af-4851-9408-58a5754755fc","UOSM_HIGH_ACHIEVER_SCHOLARSHIP_BSC_BUSINESS_ANALY","UOSM","UOSM_BSC_BUSINESS_ANALYTICS","Merit scholarship","RM 10,000","STPM graduates: requirement A-A-A- for Business Programmes / Economics & Actuarial Science.",,,"Undergraduate scholarship tier for STPM graduates."
"Top Achiever Scholarship (A Levels)","ba24475d-6a9d-4950-b2cf-58dee4be09c0",2026-04-16T06:43:23Z,2026-04-16T06:43:23Z,"a0b69dfb-18af-4851-9408-58a5754755fc","UOSM_TOP_ACHIEVER_SCHOLARSHIP_BSC_ACCOUNTING_AND_2","UOSM","UOSM_BSC_ACCOUNTING_AND_FINANCE","Merit scholarship","60% (Year 1) + 20% (Year 2 & 3)","A Levels graduates: requirement A*A*A for Business Programmes / Economics & Actuarial Science.",,,"Undergraduate scholarship tier for A Levels graduates."
"Undergraduate Education Grant","ba6c1313-8712-40c8-ae28-9dfea683656d",2026-04-16T06:43:23Z,2026-04-16T06:43:23Z,"a0b69dfb-18af-4851-9408-58a5754755fc","UOSM_UNDERGRADUATE_EDUCATION_GRAN_MENG_AERONAUTICS_A","UOSM","UOSM_MENG_AERONAUTICS_AND_ASTRONAUTICS","Education grant","Up to RM 5,000","Eligible applicants, except scholarship recipients; deposit required to confirm place and qualify.",,,"Cannot be compounded with scholarship/Special UEC Grant; highest amount only applies."
"High Achiever Scholarship (A Levels)","bb6b0168-6f0f-4f61-bf63-82ceff6e9567",2026-04-16T06:43:24Z,2026-04-16T06:43:24Z,"a0b69dfb-18af-4851-9408-58a5754755fc","UOSM_HIGH_ACHIEVER_SCHOLARSHIP_MENG_MECHANICAL_EN_2","UOSM","UOSM_MENG_MECHANICAL_ENGINEERING","Merit scholarship","Engineering: RM 13,000; Other Programmes: RM 10,000","A Levels graduates: requirement A*A*A for Engineering / Computer Science Programmes.",,,"Undergraduate scholarship tier for A Levels graduates."
"High Achiever Scholarship (A Levels)","bc2c9e47-95f2-4a7b-9f1e-345cf900c20a",2026-04-16T06:43:24Z,2026-04-16T06:43:24Z,"a0b69dfb-18af-4851-9408-58a5754755fc","UOSM_HIGH_ACHIEVER_SCHOLARSHIP_MENG_AERONAUTICS_A_2","UOSM","UOSM_MENG_AERONAUTICS_AND_ASTRONAUTICS","Merit scholarship","Engineering: RM 13,000; Other Programmes: RM 10,000","A Levels graduates: requirement A*A*A for Engineering / Computer Science Programmes.",,,"Undergraduate scholarship tier for A Levels graduates."
"Postgraduate Research Attachment (PGRA)","bc8a5a22-1e4b-4715-aa8a-30087a3f6ce4",2026-04-16T06:43:23Z,2026-04-16T06:43:23Z,"a0b69dfb-18af-4851-9408-58a5754755fc","USM_PGRA_RESEARCH_ATTACHMENT","USM",,"Research attachment fund","Maximum funding RM4000","For registered USM master’s (research mode) or PhD students with good research progress. Research attachment must be with an institution having an active MOU/MOA with USM and supported by an official invitation letter.","Postgraduate research students","Application closed at time of source check","Official USM postgraduate financial assistance page: https://admission.usm.my/index.php/postgraduate/financial-assistance"
"Foundation Education Grant","bf28880e-7c6c-4fd3-afe2-08708ce0c137",2026-04-16T06:43:24Z,2026-04-16T06:43:24Z,"a0b69dfb-18af-4851-9408-58a5754755fc","UOSM_FOUNDATION_EDUCATION_GRANT_BUSINESS_FOUNDATIO","UOSM","UOSM_BUSINESS_FOUNDATION_YEAR","Education grant","RM 1,500","Available for eligible applicants; deposit required to confirm place and qualify.",,,"Limited time offer. Scholarship, education grant and Special UEC Grant cannot be compounded; highest amount only applies."
"Exceptional Achiever Scholarship (UEC)","c02d4a30-6c7c-44fc-ad2c-811070015261",2026-04-16T06:43:24Z,2026-04-16T06:43:24Z,"a0b69dfb-18af-4851-9408-58a5754755fc","UOSM_EXCEPTIONAL_ACHIEVER_SCHOLAR_BSC_COMPUTER_SCIEN_3","UOSM","UOSM_BSC_COMPUTER_SCIENCE","Merit scholarship","Engineering: RM 30,000; Other Programmes: RM 25,000","UEC graduates: requirement 4A1 for Engineering / Computer Science Programmes.",,,"Undergraduate scholarship tier for UEC graduates."
"Top Achiever Scholarship (UEC)","c2bc4b49-37e9-4d58-a735-e4dbb116bbaf",2026-04-16T06:43:23Z,2026-04-16T06:43:23Z,"a0b69dfb-18af-4851-9408-58a5754755fc","UOSM_TOP_ACHIEVER_SCHOLARSHIP_ENGINEERING_FOUNDA_3","UOSM","UOSM_ENGINEERING_FOUNDATION_YEAR","Merit scholarship","Engineering: 60% (Year 1) + 40% (Year 2); Other Programmes: 60% (Year 1) + 20% (Year 2 & 3)","UEC graduates: requirement 5A1 for Engineering / Computer Science Programmes.",,,"Undergraduate scholarship tier for UEC graduates."
"Academic Excellence Progression Scholarship","c5215668-067c-4215-8df4-a4fd876554d6",2026-04-16T06:43:24Z,2026-04-16T06:43:24Z,"a0b69dfb-18af-4851-9408-58a5754755fc","UOSM_ACADEMIC_EXCELLENCE_PROGRESS_MENG_ELECTRICAL_AN","UOSM","UOSM_MENG_ELECTRICAL_AND_ELECTRONIC_ENGINEERING","Progression scholarship","Up to 100% tuition fee waiver","Only students with a minimum average score of 80% in UoSM Foundation results are eligible.",,,"For top performing UoSM Foundation students."
"High Achiever Scholarship (STPM)","c819c6ef-05c3-4850-ba2b-e0a79e62e235",2026-04-16T06:43:24Z,2026-04-16T06:43:24Z,"a0b69dfb-18af-4851-9408-58a5754755fc","UOSM_HIGH_ACHIEVER_SCHOLARSHIP_BSC_ECONOMICS_AND_","UOSM","UOSM_BSC_ECONOMICS_AND_ACTUARIAL_SCIENCE","Merit scholarship","RM 10,000","STPM graduates: requirement A-A-A- for Business Programmes / Economics & Actuarial Science.",,,"Undergraduate scholarship tier for STPM graduates."
"Top Achiever Scholarship (UEC)","c94b3735-512e-469d-a1bd-163effc67587",2026-04-16T06:43:23Z,2026-04-16T06:43:23Z,"a0b69dfb-18af-4851-9408-58a5754755fc","UOSM_TOP_ACHIEVER_SCHOLARSHIP_BUSINESS_FOUNDATIO_3","UOSM","UOSM_BUSINESS_FOUNDATION_YEAR","Merit scholarship","60% (Year 1) + 20% (Year 2 & 3)","UEC graduates: requirement 4A1 for Business Programmes / Economics & Actuarial Science.",,,"Undergraduate scholarship tier for UEC graduates."
"Undergraduate Education Grant","c9715375-1fb1-4aeb-a7a6-5f01a894ceb8",2026-04-16T06:43:23Z,2026-04-16T06:43:23Z,"a0b69dfb-18af-4851-9408-58a5754755fc","UOSM_UNDERGRADUATE_EDUCATION_GRAN_MENG_MECHANICAL_EN","UOSM","UOSM_MENG_MECHANICAL_ENGINEERING","Education grant","Up to RM 5,000","Eligible applicants, except scholarship recipients; deposit required to confirm place and qualify.",,,"Cannot be compounded with scholarship/Special UEC Grant; highest amount only applies."
"Trial Result Scholarship Scheme 2026","c9fc2638-50e6-455c-84ae-7800ec687c0a",2026-04-16T06:43:23Z,2026-04-16T06:43:23Z,"a0b69dfb-18af-4851-9408-58a5754755fc","MDIS_TRIAL_RESULT_SCHOLARSHIP_2026","MDIS",,"Scholarship","See official scheme page","Official MDIS site exposes a Trial Result Scholarship Scheme 2026 page, but detailed criteria were not accessible during verification because the site was protected by a verification page.","2026",,"Official MDIS website navigation/search shows Trial Result Scholarship Scheme 2026: https://mdis.edu.my/"
"High Achiever Scholarship (Engineering/Computer Science Foundation)","cb971834-1824-486a-9e2e-8b5559e68e3a",2026-04-16T06:43:24Z,2026-04-16T06:43:24Z,"a0b69dfb-18af-4851-9408-58a5754755fc","UOSM_HIGH_ACHIEVER_SCHOLARSHIP_COMPUTER_SCIENCE_F_8","UOSM","UOSM_COMPUTER_SCIENCE_FOUNDATION_YEAR","Foundation scholarship","RM 6,000","6As or 4A+ / A* in SPM or equivalent",,,"Official page notes that various international boards and other qualifications may also be considered via counsellor."
"High Achiever Scholarship (UEC)","cc7b70dd-b38f-4e49-bf08-0e8940422d83",2026-04-16T06:43:24Z,2026-04-16T06:43:24Z,"a0b69dfb-18af-4851-9408-58a5754755fc","UOSM_HIGH_ACHIEVER_SCHOLARSHIP_MENG_AERONAUTICS_A_3","UOSM","UOSM_MENG_AERONAUTICS_AND_ASTRONAUTICS","Merit scholarship","Engineering: RM 13,000; Other Programmes: RM 10,000","UEC graduates: requirement 3A1 for Engineering / Computer Science Programmes.",,,"Undergraduate scholarship tier for UEC graduates."
"Early Payment Discount","cd3cd3e8-5ed0-44ef-8a35-52096a4d328d",2026-04-16T06:43:24Z,2026-04-16T06:43:24Z,"a0b69dfb-18af-4851-9408-58a5754755fc","NUMED_EARLY_PAYMENT_DISCOUNT","NUMED",,"Tuition discount","2% discount","Available if annual tuition fees are paid in full on or before the registration date.",,"On or before registration date","Payment timing based discount."
"High Achiever Scholarship (A Levels)","ce8e0161-af2a-47ae-be8e-0d129914a0ec",2026-04-16T06:43:24Z,2026-04-16T06:43:24Z,"a0b69dfb-18af-4851-9408-58a5754755fc","UOSM_HIGH_ACHIEVER_SCHOLARSHIP_BSC_BUSINESS_ANALY_2","UOSM","UOSM_BSC_BUSINESS_ANALYTICS","Merit scholarship","RM 10,000","A Levels graduates: requirement AAA for Business Programmes / Economics & Actuarial Science.",,,"Undergraduate scholarship tier for A Levels graduates."
"High Achiever Scholarship (Engineering/Computer Science Foundation)","cf9dc79c-6a78-4024-a393-fd55ca690b97",2026-04-16T06:43:24Z,2026-04-16T06:43:24Z,"a0b69dfb-18af-4851-9408-58a5754755fc","UOSM_HIGH_ACHIEVER_SCHOLARSHIP_ENGINEERING_FOUNDA_6","UOSM","UOSM_ENGINEERING_FOUNDATION_YEAR","Foundation scholarship","RM 8,000","8As or 5A+ / A* in SPM or equivalent",,,"Official page notes that various international boards and other qualifications may also be considered via counsellor."
"Exceptional Achiever Scholarship (A Levels)","d00fcf00-85f5-4a0b-b81d-3987d9ccc03a",2026-04-16T06:43:24Z,2026-04-16T06:43:24Z,"a0b69dfb-18af-4851-9408-58a5754755fc","UOSM_EXCEPTIONAL_ACHIEVER_SCHOLAR_MENG_MECHANICAL_EN_2","UOSM","UOSM_MENG_MECHANICAL_ENGINEERING","Merit scholarship","Engineering: RM 30,000; Other Programmes: RM 25,000","A Levels graduates: requirement A*A*A* for Engineering / Computer Science Programmes.",,,"Undergraduate scholarship tier for A Levels graduates."
"Top Achiever Scholarship (A Levels)","d1a9fb83-1657-477e-b6b0-c7056e511c89",2026-04-16T06:43:23Z,2026-04-16T06:43:23Z,"a0b69dfb-18af-4851-9408-58a5754755fc","UOSM_TOP_ACHIEVER_SCHOLARSHIP_MENG_MECHANICAL_EN_2","UOSM","UOSM_MENG_MECHANICAL_ENGINEERING","Merit scholarship","Engineering: 60% (Year 1) + 40% (Year 2); Other Programmes: 60% (Year 1) + 20% (Year 2 & 3)","A Levels graduates: requirement A*A*A*A for Engineering / Computer Science Programmes.",,,"Undergraduate scholarship tier for A Levels graduates."
"High Achiever Scholarship (Business Foundation)","d44327e3-9d8a-4dd0-9961-93e8fec79e9d",2026-04-16T06:43:24Z,2026-04-16T06:43:24Z,"a0b69dfb-18af-4851-9408-58a5754755fc","UOSM_HIGH_ACHIEVER_SCHOLARSHIP_BUSINESS_FOUNDATIO_8","UOSM","UOSM_BUSINESS_FOUNDATION_YEAR","Foundation scholarship","RM 6,000","5As or 2A+ / A* in SPM or equivalent",,,"Official page notes that various international boards and other qualifications may also be considered via counsellor."
"Exceptional Achiever Scholarship (UEC)","d6ef8189-20b1-46f7-a11e-5c3a228197eb",2026-04-16T06:43:24Z,2026-04-16T06:43:24Z,"a0b69dfb-18af-4851-9408-58a5754755fc","UOSM_EXCEPTIONAL_ACHIEVER_SCHOLAR_COMPUTER_SCIENCE_F_3","UOSM","UOSM_COMPUTER_SCIENCE_FOUNDATION_YEAR","Merit scholarship","Engineering: RM 30,000; Other Programmes: RM 25,000","UEC graduates: requirement 4A1 for Engineering / Computer Science Programmes.",,,"Undergraduate scholarship tier for UEC graduates."
"Special UEC Grant - Undergraduate","d752562e-2640-4b72-84d5-0a89f81d463e",2026-04-16T06:43:23Z,2026-04-16T06:43:23Z,"a0b69dfb-18af-4851-9408-58a5754755fc","UOSM_SPECIAL_UEC_GRANT_UNDERGRADU_BSC_ECONOMICS_AND_","UOSM","UOSM_BSC_ECONOMICS_AND_ACTUARIAL_SCIENCE","UEC grant","Up to RM 7,000","Eligible UEC graduates who accept and pay deposit before intake.",,,"Cannot be compounded with scholarship/education grant; highest amount only applies."
"Exceptional Achiever Scholarship (A Levels)","da349a4d-bfb8-455d-a057-3cc9efa6ace7",2026-04-16T06:43:24Z,2026-04-16T06:43:24Z,"a0b69dfb-18af-4851-9408-58a5754755fc","UOSM_EXCEPTIONAL_ACHIEVER_SCHOLAR_BSC_ECONOMICS_AND__2","UOSM","UOSM_BSC_ECONOMICS_AND_ACTUARIAL_SCIENCE","Merit scholarship","RM 25,000","A Levels graduates: requirement A*AA for Business Programmes / Economics & Actuarial Science.",,,"Undergraduate scholarship tier for A Levels graduates."
"Top Achiever Scholarship (UEC)","df748fe0-a78c-4d5e-afd3-e3a3a181a62c",2026-04-16T06:43:23Z,2026-04-16T06:43:23Z,"a0b69dfb-18af-4851-9408-58a5754755fc","UOSM_TOP_ACHIEVER_SCHOLARSHIP_MENG_AERONAUTICS_A_3","UOSM","UOSM_MENG_AERONAUTICS_AND_ASTRONAUTICS","Merit scholarship","Engineering: 60% (Year 1) + 40% (Year 2); Other Programmes: 60% (Year 1) + 20% (Year 2 & 3)","UEC graduates: requirement 5A1 for Engineering / Computer Science Programmes.",,,"Undergraduate scholarship tier for UEC graduates."
"Progression Discounts / Academic Excellence Award","df84fc07-2fd3-4619-b867-45b9be697eea",2026-04-16T06:43:24Z,2026-04-16T06:43:24Z,"a0b69dfb-18af-4851-9408-58a5754755fc","NUMED_PROGRESSION_DISCOUNTS_ACADEM_BSC_BIOMEDICAL_SCI","NUMED","NUMED_BSC_BIOMEDICAL_SCIENCES","Internal progression award","Fee waiver (amount not fully specified in document)","For students who completed the NUMed Foundation programme and are progressing to the BSc Biomedical Sciences degree.","2026 intake context mentioned",,"Document mentions this award, then lists 100% and 50% fee waiver criteria."
"Exceptional Achiever Scholarship (UEC)","dfcc61ee-bd07-45a6-b68e-771637456317",2026-04-16T06:43:24Z,2026-04-16T06:43:24Z,"a0b69dfb-18af-4851-9408-58a5754755fc","UOSM_EXCEPTIONAL_ACHIEVER_SCHOLAR_MENG_AERONAUTICS_A_3","UOSM","UOSM_MENG_AERONAUTICS_AND_ASTRONAUTICS","Merit scholarship","Engineering: RM 30,000; Other Programmes: RM 25,000","UEC graduates: requirement 4A1 for Engineering / Computer Science Programmes.",,,"Undergraduate scholarship tier for UEC graduates."
"Special UEC Grant - Undergraduate","e01c364e-2a4c-4230-9764-bef4c2c313ae",2026-04-16T06:43:23Z,2026-04-16T06:43:23Z,"a0b69dfb-18af-4851-9408-58a5754755fc","UOSM_SPECIAL_UEC_GRANT_UNDERGRADU_BSC_BUSINESS_MANAG","UOSM","UOSM_BSC_BUSINESS_MANAGEMENT","UEC grant","Up to RM 7,000","Eligible UEC graduates who accept and pay deposit before intake.",,,"Cannot be compounded with scholarship/education grant; highest amount only applies."
"High Achiever Scholarship (STPM)","e162cfa2-68e0-4a2b-9935-84a2419fd541",2026-04-16T06:43:24Z,2026-04-16T06:43:24Z,"a0b69dfb-18af-4851-9408-58a5754755fc","UOSM_HIGH_ACHIEVER_SCHOLARSHIP_ENGINEERING_FOUNDA","UOSM","UOSM_ENGINEERING_FOUNDATION_YEAR","Merit scholarship","Engineering: RM 13,000; Other Programmes: RM 10,000","STPM graduates: requirement AAA- for Engineering / Computer Science Programmes.",,,"Undergraduate scholarship tier for STPM graduates."
"USMCARE Scholarship","e3879d71-8da6-4d7b-889a-6eaa06751df3",2026-04-16T06:43:23Z,2026-04-16T06:43:23Z,"a0b69dfb-18af-4851-9408-58a5754755fc","USM_USMCARE_SCHOLARSHIP","USM",,"Scholarship / tuition-fee support","Tuition fee only; no allowance; maximum duration 36 months","Open to Malaysian students and international students from low or lower-middle income countries. Only for registered full-time research mode PhD students. Apply in first or second semester. Requires bachelor CGPA >3.00/4.00, master CGPA >3.50/4.00 or research master/equivalent, and at least one manuscript in a WoS/SCOPUS-indexed journal.","Postgraduate PhD research mode; semesters specified on official page","Application closed at time of source check","Official USM postgraduate financial assistance page: https://admission.usm.my/index.php/postgraduate/financial-assistance"
"Top Achiever Scholarship (STPM)","e4b7f23f-2888-4115-a7da-f4eaf47e2ee1",2026-04-16T06:43:23Z,2026-04-16T06:43:23Z,"a0b69dfb-18af-4851-9408-58a5754755fc","UOSM_TOP_ACHIEVER_SCHOLARSHIP_BSC_ECONOMICS_AND_","UOSM","UOSM_BSC_ECONOMICS_AND_ACTUARIAL_SCIENCE","Merit scholarship","60% (Year 1) + 20% (Year 2 & 3)","STPM graduates: requirement AAA- for Business Programmes / Economics & Actuarial Science.",,,"Undergraduate scholarship tier for STPM graduates."
"Special UEC Grant - Undergraduate","e4c68a71-89b3-4260-aa0b-be36a342ef90",2026-04-16T06:43:23Z,2026-04-16T06:43:23Z,"a0b69dfb-18af-4851-9408-58a5754755fc","UOSM_SPECIAL_UEC_GRANT_UNDERGRADU_BSC_BUSINESS_ANALY","UOSM","UOSM_BSC_BUSINESS_ANALYTICS","UEC grant","Up to RM 7,000","Eligible UEC graduates who accept and pay deposit before intake.",,,"Cannot be compounded with scholarship/education grant; highest amount only applies."
"High Achiever Scholarship (A Levels)","e608c1b9-67eb-48de-860f-929dc118e5c8",2026-04-16T06:43:24Z,2026-04-16T06:43:24Z,"a0b69dfb-18af-4851-9408-58a5754755fc","UOSM_HIGH_ACHIEVER_SCHOLARSHIP_BSC_BUSINESS_MANAG_2","UOSM","UOSM_BSC_BUSINESS_MANAGEMENT","Merit scholarship","RM 10,000","A Levels graduates: requirement AAA for Business Programmes / Economics & Actuarial Science.",,,"Undergraduate scholarship tier for A Levels graduates."
"High Achiever Scholarship (UEC)","e630b5d8-2b59-43d3-8804-5358607bb952",2026-04-16T06:43:24Z,2026-04-16T06:43:24Z,"a0b69dfb-18af-4851-9408-58a5754755fc","UOSM_HIGH_ACHIEVER_SCHOLARSHIP_BSC_ACCOUNTING_AND_3","UOSM","UOSM_BSC_ACCOUNTING_AND_FINANCE","Merit scholarship","RM 10,000","UEC graduates: requirement 2A1 for Business Programmes / Economics & Actuarial Science.",,,"Undergraduate scholarship tier for UEC graduates."
"Exceptional Achiever Scholarship (STPM)","e6421b39-1b89-4728-95b2-0f36fe1fd5c6",2026-04-16T06:43:24Z,2026-04-16T06:43:24Z,"a0b69dfb-18af-4851-9408-58a5754755fc","UOSM_EXCEPTIONAL_ACHIEVER_SCHOLAR_COMPUTER_SCIENCE_F","UOSM","UOSM_COMPUTER_SCIENCE_FOUNDATION_YEAR","Merit scholarship","Engineering: RM 30,000; Other Programmes: RM 25,000","STPM graduates: requirement AAA for Engineering / Computer Science Programmes.",,,"Undergraduate scholarship tier for STPM graduates."
"Family Discount","e6becc48-9752-4b09-b214-508c9b09cb95",2026-04-16T06:43:24Z,2026-04-16T06:43:24Z,"a0b69dfb-18af-4851-9408-58a5754755fc","NUMED_FAMILY_DISCOUNT","NUMED",,"Tuition discount","10% off annual tuition fees","For students with an immediate family member (spouse, sibling, parent, or child) who is a current student or alum.",,,"Family relationship based discount."
"Exceptional Achiever Scholarship (STPM)","e8e073e0-10a7-454e-b9f8-99e3fe66b7a2",2026-04-16T06:43:24Z,2026-04-16T06:43:24Z,"a0b69dfb-18af-4851-9408-58a5754755fc","UOSM_EXCEPTIONAL_ACHIEVER_SCHOLAR_MENG_AERONAUTICS_A","UOSM","UOSM_MENG_AERONAUTICS_AND_ASTRONAUTICS","Merit scholarship","Engineering: RM 30,000; Other Programmes: RM 25,000","STPM graduates: requirement AAA for Engineering / Computer Science Programmes.",,,"Undergraduate scholarship tier for STPM graduates."
"Academic Excellence Progression Scholarship","e90c5496-33b7-428a-ab69-73395fc7d2a7",2026-04-16T06:43:24Z,2026-04-16T06:43:24Z,"a0b69dfb-18af-4851-9408-58a5754755fc","UOSM_ACADEMIC_EXCELLENCE_PROGRESS_BSC_COMPUTER_SCIEN","UOSM","UOSM_BSC_COMPUTER_SCIENCE","Progression scholarship","Up to 100% tuition fee waiver","Only students with a minimum average score of 80% in UoSM Foundation results are eligible.",,,"For top performing UoSM Foundation students."
"Exceptional Achiever Scholarship (STPM)","e936aaea-6023-432f-9ef6-a491117ec2d0",2026-04-16T06:43:24Z,2026-04-16T06:43:24Z,"a0b69dfb-18af-4851-9408-58a5754755fc","UOSM_EXCEPTIONAL_ACHIEVER_SCHOLAR_MENG_MECHANICAL_EN","UOSM","UOSM_MENG_MECHANICAL_ENGINEERING","Merit scholarship","Engineering: RM 30,000; Other Programmes: RM 25,000","STPM graduates: requirement AAA for Engineering / Computer Science Programmes.",,,"Undergraduate scholarship tier for STPM graduates."
"Top Achiever Scholarship (UEC)","ec2007e0-3ccb-4af0-bf96-2d0e973e74de",2026-04-16T06:43:23Z,2026-04-16T06:43:23Z,"a0b69dfb-18af-4851-9408-58a5754755fc","UOSM_TOP_ACHIEVER_SCHOLARSHIP_BSC_BUSINESS_ANALY_3","UOSM","UOSM_BSC_BUSINESS_ANALYTICS","Merit scholarship","60% (Year 1) + 20% (Year 2 & 3)","UEC graduates: requirement 4A1 for Business Programmes / Economics & Actuarial Science.",,,"Undergraduate scholarship tier for UEC graduates."
"High Achiever Scholarship (STPM)","ec32abbe-e46d-4a2d-84a5-3f3fec328ec1",2026-04-16T06:43:24Z,2026-04-16T06:43:24Z,"a0b69dfb-18af-4851-9408-58a5754755fc","UOSM_HIGH_ACHIEVER_SCHOLARSHIP_BSC_ACCOUNTING_AND","UOSM","UOSM_BSC_ACCOUNTING_AND_FINANCE","Merit scholarship","RM 10,000","STPM graduates: requirement A-A-A- for Business Programmes / Economics & Actuarial Science.",,,"Undergraduate scholarship tier for STPM graduates."
"Top Achiever Scholarship (STPM)","ed6fc0ec-9039-4bb8-b435-049757eec773",2026-04-16T06:43:23Z,2026-04-16T06:43:23Z,"a0b69dfb-18af-4851-9408-58a5754755fc","UOSM_TOP_ACHIEVER_SCHOLARSHIP_MENG_ELECTRICAL_AN","UOSM","UOSM_MENG_ELECTRICAL_AND_ELECTRONIC_ENGINEERING","Merit scholarship","Engineering: 60% (Year 1) + 40% (Year 2); Other Programmes: 60% (Year 1) + 20% (Year 2 & 3)","STPM graduates: requirement AAAA- for Engineering / Computer Science Programmes.",,,"Undergraduate scholarship tier for STPM graduates."
"Foundation Education Grant","efe1ce8b-2a58-4703-95aa-c958a7655b2f",2026-04-16T06:43:24Z,2026-04-16T06:43:24Z,"a0b69dfb-18af-4851-9408-58a5754755fc","UOSM_FOUNDATION_EDUCATION_GRANT_COMPUTER_SCIENCE_F","UOSM","UOSM_COMPUTER_SCIENCE_FOUNDATION_YEAR","Education grant","RM 1,500","Available for eligible applicants; deposit required to confirm place and qualify.",,,"Limited time offer. Scholarship, education grant and Special UEC Grant cannot be compounded; highest amount only applies."
"Exceptional Achiever Scholarship (UEC)","f00ea69d-6696-4d44-af15-310ef935f6be",2026-04-16T06:43:24Z,2026-04-16T06:43:24Z,"a0b69dfb-18af-4851-9408-58a5754755fc","UOSM_EXCEPTIONAL_ACHIEVER_SCHOLAR_BUSINESS_FOUNDATIO_3","UOSM","UOSM_BUSINESS_FOUNDATION_YEAR","Merit scholarship","RM 25,000","UEC graduates: requirement 3A1 for Business Programmes / Economics & Actuarial Science.",,,"Undergraduate scholarship tier for UEC graduates."
"Top Achiever Scholarship (A Levels)","f0a3f4a8-e40b-47cd-9685-7c5904308c5e",2026-04-16T06:43:23Z,2026-04-16T06:43:23Z,"a0b69dfb-18af-4851-9408-58a5754755fc","UOSM_TOP_ACHIEVER_SCHOLARSHIP_BSC_FINANCE_AND_FI_2","UOSM","UOSM_BSC_FINANCE_AND_FINANCIAL_TECHNOLOGY","Merit scholarship","60% (Year 1) + 20% (Year 2 & 3)","A Levels graduates: requirement A*A*A for Business Programmes / Economics & Actuarial Science.",,,"Undergraduate scholarship tier for A Levels graduates."
"Postgraduate Conference Fund","f1ea6b0b-8980-47af-8562-0561f5c2cd13",2026-04-16T06:43:23Z,2026-04-16T06:43:23Z,"a0b69dfb-18af-4851-9408-58a5754755fc","USM_POSTGRAD_CONFERENCE_FUND","USM",,"Conference fund","Maximum MYR 1,000 reimbursement support","For full-time active USM research mode postgraduates presenting oral papers at physical/online conferences. Application requires conference details and invitation/offer letter; thesis-submitted students are not eligible.","Postgraduate research mode","Open until 15 October 2026 according to source checked","Official USM postgraduate financial assistance page: https://admission.usm.my/index.php/postgraduate/financial-assistance"
"Special UEC Grant - Undergraduate","f27438e6-842f-4fd9-a963-1e52c369aea5",2026-04-16T06:43:23Z,2026-04-16T06:43:23Z,"a0b69dfb-18af-4851-9408-58a5754755fc","UOSM_SPECIAL_UEC_GRANT_UNDERGRADU_BSC_COMPUTER_SCIEN","UOSM","UOSM_BSC_COMPUTER_SCIENCE","UEC grant","Up to RM 7,000","Eligible UEC graduates who accept and pay deposit before intake.",,,"Cannot be compounded with scholarship/education grant; highest amount only applies."
"High Achiever Scholarship (STPM)","f44c1314-f642-42d5-bde6-010fd7db7190",2026-04-16T06:43:24Z,2026-04-16T06:43:24Z,"a0b69dfb-18af-4851-9408-58a5754755fc","UOSM_HIGH_ACHIEVER_SCHOLARSHIP_MENG_AERONAUTICS_A","UOSM","UOSM_MENG_AERONAUTICS_AND_ASTRONAUTICS","Merit scholarship","Engineering: RM 13,000; Other Programmes: RM 10,000","STPM graduates: requirement AAA- for Engineering / Computer Science Programmes.",,,"Undergraduate scholarship tier for STPM graduates."
"MAP Grant","f4fb6958-5e55-42e9-bfce-8c190ae1096c",2026-04-16T06:43:24Z,2026-04-16T06:43:24Z,"a0b69dfb-18af-4851-9408-58a5754755fc","UOSM_MAP_GRANT","UOSM",,"Partner grant","5% MAP Grant","Exclusively for students from partner MAP schools and employees/families of industrial partners.",,,"Official page says this is in addition to academic scholarships."
"High Achiever Scholarship (STPM)","f61c712e-71c6-44dc-ac1d-2a3b11881a3c",2026-04-16T06:43:24Z,2026-04-16T06:43:24Z,"a0b69dfb-18af-4851-9408-58a5754755fc","UOSM_HIGH_ACHIEVER_SCHOLARSHIP_BSC_MARKETING","UOSM","UOSM_BSC_MARKETING","Merit scholarship","RM 10,000","STPM graduates: requirement A-A-A- for Business Programmes / Economics & Actuarial Science.",,,"Undergraduate scholarship tier for STPM graduates."
"High Achiever Scholarship (Business Foundation)","f6ff62d6-123b-48c3-92b1-8f6648627009",2026-04-16T06:43:24Z,2026-04-16T06:43:24Z,"a0b69dfb-18af-4851-9408-58a5754755fc","UOSM_HIGH_ACHIEVER_SCHOLARSHIP_BUSINESS_FOUNDATIO_9","UOSM","UOSM_BUSINESS_FOUNDATION_YEAR","Foundation scholarship","RM 4,000","4As in SPM or equivalent",,,"Official page notes that various international boards and other qualifications may also be considered via counsellor."
"High Achiever Scholarship (STPM)","f8edfb52-9abc-4843-b538-ec217cc02646",2026-04-16T06:43:24Z,2026-04-16T06:43:24Z,"a0b69dfb-18af-4851-9408-58a5754755fc","UOSM_HIGH_ACHIEVER_SCHOLARSHIP_BSC_FINANCE_AND_FI","UOSM","UOSM_BSC_FINANCE_AND_FINANCIAL_TECHNOLOGY","Merit scholarship","RM 10,000","STPM graduates: requirement A-A-A- for Business Programmes / Economics & Actuarial Science.",,,"Undergraduate scholarship tier for STPM graduates."
"Undergraduate Education Grant","fa122f75-8688-43eb-bc12-c3415b2e909e",2026-04-16T06:43:23Z,2026-04-16T06:43:23Z,"a0b69dfb-18af-4851-9408-58a5754755fc","UOSM_UNDERGRADUATE_EDUCATION_GRAN_BSC_ECONOMICS_AND_","UOSM","UOSM_BSC_ECONOMICS_AND_ACTUARIAL_SCIENCE","Education grant","Up to RM 5,000","Eligible applicants, except scholarship recipients; deposit required to confirm place and qualify.",,,"Cannot be compounded with scholarship/Special UEC Grant; highest amount only applies."
"Top Achiever Scholarship (A Levels)","fb78e69e-4c85-4fc6-942a-9c00524d00a4",2026-04-16T06:43:23Z,2026-04-16T06:43:23Z,"a0b69dfb-18af-4851-9408-58a5754755fc","UOSM_TOP_ACHIEVER_SCHOLARSHIP_BSC_BUSINESS_ENTRE_2","UOSM","UOSM_BSC_BUSINESS_ENTREPRENEURSHIP","Merit scholarship","60% (Year 1) + 20% (Year 2 & 3)","A Levels graduates: requirement A*A*A for Business Programmes / Economics & Actuarial Science.",,,"Undergraduate scholarship tier for A Levels graduates."
"Exceptional Achiever Scholarship (STPM)","fd9fa027-9ab1-4a63-b108-c148ae38dc37",2026-04-16T06:43:24Z,2026-04-16T06:43:24Z,"a0b69dfb-18af-4851-9408-58a5754755fc","UOSM_EXCEPTIONAL_ACHIEVER_SCHOLAR_BSC_FINANCE_AND_FI","UOSM","UOSM_BSC_FINANCE_AND_FINANCIAL_TECHNOLOGY","Merit scholarship","RM 25,000","STPM graduates: requirement AA-A- for Business Programmes / Economics & Actuarial Science.",,,"Undergraduate scholarship tier for STPM graduates."
"Top Achiever Scholarship (STPM)","fe41c73b-1ec8-4567-9650-6fa179c233ba",2026-04-16T06:43:23Z,2026-04-16T06:43:23Z,"a0b69dfb-18af-4851-9408-58a5754755fc","UOSM_TOP_ACHIEVER_SCHOLARSHIP_BUSINESS_FOUNDATIO","UOSM","UOSM_BUSINESS_FOUNDATION_YEAR","Merit scholarship","60% (Year 1) + 20% (Year 2 & 3)","STPM graduates: requirement AAA- for Business Programmes / Economics & Actuarial Science.",,,"Undergraduate scholarship tier for STPM graduates."
"Exceptional Achiever Scholarship (A Levels)","fee9b2ef-c04f-4ad4-b7ca-ee9bd20c2d53",2026-04-16T06:43:24Z,2026-04-16T06:43:24Z,"a0b69dfb-18af-4851-9408-58a5754755fc","UOSM_EXCEPTIONAL_ACHIEVER_SCHOLAR_BSC_BUSINESS_ANALY_2","UOSM","UOSM_BSC_BUSINESS_ANALYTICS","Merit scholarship","RM 25,000","A Levels graduates: requirement A*AA for Business Programmes / Economics & Actuarial Science.",,,"Undergraduate scholarship tier for A Levels graduates."
"Top Achiever Scholarship (STPM)","ffbe158c-1631-4d4e-9ccd-9915591a4e4e",2026-04-16T06:43:23Z,2026-04-16T06:43:23Z,"a0b69dfb-18af-4851-9408-58a5754755fc","UOSM_TOP_ACHIEVER_SCHOLARSHIP_BSC_BUSINESS_MANAG","UOSM","UOSM_BSC_BUSINESS_MANAGEMENT","Merit scholarship","60% (Year 1) + 20% (Year 2 & 3)","STPM graduates: requirement AAA- for Business Programmes / Economics & Actuarial Science.",,,"Undergraduate scholarship tier for STPM graduates."
